InventoryID	Filename
1	kor_SPA1979_phon.pdf
2	ket_SPA1979_phon.pdf
3	lbe_SPA1979_phon.pdf
4	kbd_SPA1979_phon.pdf
5	kat_SPA1979_phon.pdf
6	bsk_SPA1979_phon.pdf
7	kru_SPA1979_phon.pdf
8	tel_SPA1979_phon.pdf
9	kfe_SPA1979_phon.pdf
10	unr_SPA1979_phon.pdf
11	khr_SPA1979_phon.pdf
12	kha_SPA1979_phon.pdf
13	sed_SPA1979_phon.pdf
14	khm_SPA1979_phon.pdf
15	vie_SPA1979_phon.pdf
16	cmn_SPA1979_phon.pdf
17	wuu_SPA1979_phon.pdf
18	hak_SPA1979_phon.pdf
19	yue_SPA1979_phon.pdf
20	ium_SPA1979_phon.pdf
21	dap_SPA1979_phon.pdf
22	mya_SPA1979_phon.pdf
23	lhu_SPA1979_phon.pdf
24	grt_SPA1979_phon.pdf
25	ksw_SPA1979_phon.pdf
26	lbc_SPA1979_phon.pdf
27	tha_SPA1979_phon.pdf
28	pcc_SPA1979_phon.pdf
30	tay_SPA1979_phon.pdf
31	plt_SPA1979_phon.pdf
32	zsm_SPA1979_phon.pdf
34	snv_SPA1979_phon.pdf
35	sun_SPA1979_phon.pdf
36	jav_SPA1979_phon.pdf
37	tgl_SPA1979_phon.pdf
38	cha_SPA1979_phon.pdf
39	iai_SPA1979_phon.pdf
40	khl_SPA1979_phon.pdf
41	azr_SPA1979_phon.pdf
42	mri_SPA1979_phon.pdf
43	haw_SPA1979_phon.pdf
44	ant_SPA1979_phon.pdf
45	nna_SPA1979_phon.pdf
46	kjn_SPA1979_phon.pdf
47	zmr_SPA1979_phon.pdf
48	mph_SPA1979_phon.pdf
49	nuy_SPA1979_phon.pdf
50	alh_SPA1979_phon.pdf
51	wim_SPA1979_phon.pdf
52	set_SPA1979_phon.pdf
53	kmo_SPA1979_phon.pdf
54	tml_SPA1979_phon.pdf
55	tlf_SPA1979_phon.pdf
56	gaj_SPA1979_phon.pdf
57	auy_SPA1979_phon.pdf
58	kup_SPA1979_phon.pdf
59	spl_SPA1979_phon.pdf
60	nas_SPA1979_phon.pdf
61	ale_SPA1979_phon.pdf
62	kal_SPA1979_phon.pdf
63	chp_SPA1979_phon.pdf
64	tol_SPA1979_phon.pdf
65	hup_SPA1979_phon.pdf
66	nav_SPA1979_phon.pdf
67	hdn_SPA1979_phon.pdf
68	squ_SPA1979_phon.pdf
69	str_SPA1979_phon.pdf
70	noo_SPA1979_phon.pdf
71	kwk_SPA1979_phon.pdf
72	ojg_SPA1979_phon.pdf
73	unm_SPA1979_phon.pdf
74	wic_SPA1979_phon.pdf
76	see_SPA1979_phon.pdf
77	one_SPA1979_phon.pdf
78	yuc_SPA1979_phon.pdf
79	akz_SPA1979_phon.pdf
80	tun_SPA1979_phon.pdf
81	nez_SPA1979_phon.pdf
82	nmu_SPA1979_phon.pdf
84	top_SPA1979_phon.pdf
85	chf_SPA1979_phon.pdf
86	tzh_SPA1979_phon.pdf
87	tsz_SPA1979_phon.pdf
88	kyh_SPA1979_phon.pdf
89	pom_SPA1979_phon.pdf
90	dih_SPA1979_phon.pdf
91	zun_SPA1979_phon.pdf
92	tix_SPA1979_phon.pdf
93	tew_SPA1979_phon.pdf
94	lui_SPA1979_phon.pdf
95	hop_SPA1979_phon.pdf
96	ood_SPA1979_phon.pdf
97	ote_SPA1979_phon.pdf
98	maz_SPA1979_phon.pdf
99	maq_SPA1979_phon.pdf
100	mig_SPA1979_phon.pdf
101	cbi_SPA1979_phon.pdf
102	pbb_SPA1979_phon.pdf
103	ito_SPA1979_phon.pdf
104	quh_SPA1979_phon.pdf
105	ayr_SPA1979_phon.pdf
106	arn_SPA1979_phon.pdf
107	crb_SPA1979_phon.pdf
108	wap_SPA1979_phon.pdf
109	guc_SPA1979_phon.pdf
110	cni_SPA1979_phon.pdf
111	ign_SPA1979_phon.pdf
112	ame_SPA1979_phon.pdf
115	tca_SPA1979_phon.pdf
116	car_SPA1979_phon.pdf
117	oca_SPA1979_phon.pdf
118	srq_SPA1979_phon.pdf
119	gug_SPA1979_phon.pdf
120	amc_SPA1979_phon.pdf
121	cao_SPA1979_phon.pdf
122	apn_SPA1979_phon.pdf
123	rif_SPA1979_phon.pdf
125	anc_SPA1979_phon.pdf
126	mrt_SPA1979_phon.pdf
127	som_SPA1979_phon.pdf
128	awn_SPA1979_phon.pdf
129	irk_SPA1979_phon.pdf
130	tig_SPA1979_phon.pdf
131	amh_SPA1979_phon.pdf
132	arz_SPA1979_phon.pdf
133	ary_SPA1979_phon.pdf
134	mlt_SPA1979_phon.pdf
135	heb_SPA1979_phon.pdf
136	xtc_SPA1979_phon.pdf
137	xpe_SPA1979_phon.pdf
138	wol_SPA1979_phon.pdf
139	dag_SPA1979_phon.pdf
140	aka_SPA1979_phon.pdf
141	gaa_SPA1979_phon.pdf
142	ewe_SPA1979_phon.pdf
143	ibo_SPA1979_phon.pdf
144	beq_SPA1979_phon.pdf
145	swh_SPA1979_phon.pdf
146	lue_SPA1979_phon.pdf
147	zul_SPA1979_phon.pdf
148	gbp_SPA1979_phon.pdf
149	ses_SPA1979_phon.pdf
150	knc_SPA1979_phon.pdf
151	lgg-SPA1979_phon.pdf
152	fia_SPA1979_phon.pdf
153	luo_SPA1979_phon.pdf
154	mas_SPA1979_phon.pdf
155	naq_SPA1979_phon.pdf
156	gle_SPA1979_phon.pdf
157	bre_SPA1979_phon.pdf
158	isl_SPA1979_phon.pdf
159	nob_SPA1979_phon.pdf
160	eng_SPA1979_phon.pdf
161	deu_SPA1979_phon.pdf
162	fra_SPA1979_phon.pdf
163	por_SPA1979_phon.pdf
164	spa_SPA1979_phon.pdf
165	ron_SPA1979_phon.pdf
166	rus_SPA1979_phon.pdf
167	bul_SPA1979_phon.pdf
168	lit_SPA1979_phon.pdf
169	sqi_SPA1979_phon.pdf
170	ell_SPA1979_phon.pdf
171	hye_SPA1979_phon.pdf
172	pes_SPA1979_phon.pdf
174	kas_SPA1979_phon.pdf
175	pan_SPA1979_phon.pdf
176	hin_SPA1979_phon.pdf
177	ben_SPA1979_phon.pdf
178	sin_SPA1979_phon.pdf
179	eus_SPA1979_phon.pdf
180	fin_SPA1979_phon.pdf
181	mhr_SPA1979_phon.pdf
182	kpv_SPA1979_phon.pdf
183	hun_SPA1979_phon.pdf
184	kca_SPA1979_phon.pdf
185	yrk_SPA1979_phon.pdf
186	tur_SPA1979_phon.pdf
187	aze_SPA1979_phon.pdf
188	kir_SPA1979_phon.pdf
189	chv_SPA1979_phon.pdf
190	sah_SPA1979_phon.pdf
191	khk_SPA1979_phon.pdf
192	eve_SPA1979_phon.pdf
194	niv_SPA1979_phon.pdf
195	ckt_SPA1979_phon.pdf
196	ain_SPA1979_phon.pdf
197	jpn_SPA1979_phon.pdf
198	http://web.phonetik.uni-frankfurt.de/L/L4373.html
199	http://web.phonetik.uni-frankfurt.de/L/L6744.html
200	http://web.phonetik.uni-frankfurt.de/L/L2419.html
201	http://web.phonetik.uni-frankfurt.de/L/L8362.html
202	http://web.phonetik.uni-frankfurt.de/L/L8635.html
203	http://web.phonetik.uni-frankfurt.de/L/L8627.html
204	http://web.phonetik.uni-frankfurt.de/L/L4134.html
205	http://web.phonetik.uni-frankfurt.de/L/L4131.html
206	http://web.phonetik.uni-frankfurt.de/L/L6108.html
207	http://web.phonetik.uni-frankfurt.de/L/L2140.html
208	http://web.phonetik.uni-frankfurt.de/L/L4115.html
209	http://web.phonetik.uni-frankfurt.de/L/L6853.html
210	http://web.phonetik.uni-frankfurt.de/L/L6759.html
211	http://web.phonetik.uni-frankfurt.de/L/L6859.html
212	http://web.phonetik.uni-frankfurt.de/L/L4152.html
213	http://web.phonetik.uni-frankfurt.de/L/L6900.html
214	http://web.phonetik.uni-frankfurt.de/L/L8354.html
215	http://web.phonetik.uni-frankfurt.de/L/L2021.html
216	http://web.phonetik.uni-frankfurt.de/L/L6810.html
217	http://web.phonetik.uni-frankfurt.de/L/L6824.html
218	http://web.phonetik.uni-frankfurt.de/L/L4365.html
219	http://web.phonetik.uni-frankfurt.de/L/L4352.html
220	http://web.phonetik.uni-frankfurt.de/L/L4122.html
221	http://web.phonetik.uni-frankfurt.de/L/L8634.html
222	http://web.phonetik.uni-frankfurt.de/L/L6770.html
223	http://web.phonetik.uni-frankfurt.de/L/L4367.html
224	http://web.phonetik.uni-frankfurt.de/L/L6851.html
225	http://web.phonetik.uni-frankfurt.de/L/L8360.html
226	http://web.phonetik.uni-frankfurt.de/L/L6809.html
227	http://web.phonetik.uni-frankfurt.de/L/L8600.html
228	http://web.phonetik.uni-frankfurt.de/L/L2605.html
229	http://web.phonetik.uni-frankfurt.de/L/L6817.html
230	http://web.phonetik.uni-frankfurt.de/L/L6837.html
231	http://web.phonetik.uni-frankfurt.de/L/L4350.html
232	http://web.phonetik.uni-frankfurt.de/L/L6818.html
233	http://web.phonetik.uni-frankfurt.de/L/L2606.html
234	http://web.phonetik.uni-frankfurt.de/L/L4359.html
235	http://web.phonetik.uni-frankfurt.de/L/L6815.html
236	http://web.phonetik.uni-frankfurt.de/L/L2159.html
237	http://web.phonetik.uni-frankfurt.de/L/L2163.html
238	http://web.phonetik.uni-frankfurt.de/L/L4105.html
239	http://web.phonetik.uni-frankfurt.de/L/L6832.html
240	http://web.phonetik.uni-frankfurt.de/L/L4113.html
241	http://web.phonetik.uni-frankfurt.de/L/L2413.html
242	http://web.phonetik.uni-frankfurt.de/L/L2604.html
243	http://web.phonetik.uni-frankfurt.de/L/L4138.html
244	http://web.phonetik.uni-frankfurt.de/L/L2506.html
245	http://web.phonetik.uni-frankfurt.de/L/L8357.html
246	http://web.phonetik.uni-frankfurt.de/L/L4136.html
247	http://web.phonetik.uni-frankfurt.de/L/L2412.html
248	http://web.phonetik.uni-frankfurt.de/L/L8368.html
249	http://web.phonetik.uni-frankfurt.de/L/L4361.html
250	http://web.phonetik.uni-frankfurt.de/L/L2017.html
251	http://web.phonetik.uni-frankfurt.de/L/L4123.html
252	http://web.phonetik.uni-frankfurt.de/L/L4144.html
253	http://web.phonetik.uni-frankfurt.de/L/L4104.html
254	http://web.phonetik.uni-frankfurt.de/L/L6856.html
255	http://web.phonetik.uni-frankfurt.de/L/L6771.html
256	http://web.phonetik.uni-frankfurt.de/L/L6806.html
257	http://web.phonetik.uni-frankfurt.de/L/L4120.html
258	http://web.phonetik.uni-frankfurt.de/L/L6850.html
259	http://web.phonetik.uni-frankfurt.de/L/L2311.html
260	http://web.phonetik.uni-frankfurt.de/L/L2002.html
261	http://web.phonetik.uni-frankfurt.de/L/L2917.html
262	http://web.phonetik.uni-frankfurt.de/L/L2316.html
263	http://web.phonetik.uni-frankfurt.de/L/L2515.html
264	http://web.phonetik.uni-frankfurt.de/L/L2715.html
265	http://web.phonetik.uni-frankfurt.de/L/L2009.html
266	http://web.phonetik.uni-frankfurt.de/L/L8352.html
267	http://web.phonetik.uni-frankfurt.de/L/L8631.html
268	http://web.phonetik.uni-frankfurt.de/L/L6801.html
269	http://web.phonetik.uni-frankfurt.de/L/L6775.html
270	http://web.phonetik.uni-frankfurt.de/L/L6814.html
271	http://web.phonetik.uni-frankfurt.de/L/L2313.html
272	http://web.phonetik.uni-frankfurt.de/L/L6807.html
273	http://web.phonetik.uni-frankfurt.de/L/L6803.html
274	http://web.phonetik.uni-frankfurt.de/L/L2315.html
275	http://web.phonetik.uni-frankfurt.de/L/L6864.html
276	http://web.phonetik.uni-frankfurt.de/L/L2505.html
277	http://web.phonetik.uni-frankfurt.de/L/L2416.html
278	http://web.phonetik.uni-frankfurt.de/L/L6106.html
279	http://web.phonetik.uni-frankfurt.de/L/L6786.html
280	http://web.phonetik.uni-frankfurt.de/L/L6781.html
281	http://web.phonetik.uni-frankfurt.de/L/L2160.html
282	http://web.phonetik.uni-frankfurt.de/L/L2411.html
283	http://web.phonetik.uni-frankfurt.de/L/L6773.html
284	http://web.phonetik.uni-frankfurt.de/L/L8611.html
285	http://web.phonetik.uni-frankfurt.de/L/L2708.html
286	http://web.phonetik.uni-frankfurt.de/L/L2500.html
287	http://web.phonetik.uni-frankfurt.de/L/L2432.html
288	http://web.phonetik.uni-frankfurt.de/L/L6825.html
289	http://web.phonetik.uni-frankfurt.de/L/L6836.html
290	http://web.phonetik.uni-frankfurt.de/L/L4145.html
291	http://web.phonetik.uni-frankfurt.de/L/L2519.html
292	http://web.phonetik.uni-frankfurt.de/L/L6823.html
293	http://web.phonetik.uni-frankfurt.de/L/L2513.html
294	http://web.phonetik.uni-frankfurt.de/L/L6729.html
295	http://web.phonetik.uni-frankfurt.de/L/L6846.html
296	http://web.phonetik.uni-frankfurt.de/L/L6840.html
297	http://web.phonetik.uni-frankfurt.de/L/L4374.html
298	http://web.phonetik.uni-frankfurt.de/L/L4106.html
299	http://web.phonetik.uni-frankfurt.de/L/L4110.html
300	http://web.phonetik.uni-frankfurt.de/L/L4225.html
301	http://web.phonetik.uni-frankfurt.de/L/L4372.html
302	http://web.phonetik.uni-frankfurt.de/L/L2508.html
303	http://web.phonetik.uni-frankfurt.de/L/L8371.html
304	http://web.phonetik.uni-frankfurt.de/L/L2004.html
305	http://web.phonetik.uni-frankfurt.de/L/L8367.html
306	http://web.phonetik.uni-frankfurt.de/L/L6743.html
307	http://web.phonetik.uni-frankfurt.de/L/L4226.html
308	http://web.phonetik.uni-frankfurt.de/L/L8613.html
309	http://web.phonetik.uni-frankfurt.de/L/L2404.html
310	http://web.phonetik.uni-frankfurt.de/L/L4128.html
311	http://web.phonetik.uni-frankfurt.de/L/L2417.html
312	http://web.phonetik.uni-frankfurt.de/L/L2176.html
313	http://web.phonetik.uni-frankfurt.de/L/L4170.html
314	http://web.phonetik.uni-frankfurt.de/L/L8375.html
315	http://web.phonetik.uni-frankfurt.de/L/L4108.html
316	http://web.phonetik.uni-frankfurt.de/L/L4119.html
317	http://web.phonetik.uni-frankfurt.de/L/L8650.html
318	http://web.phonetik.uni-frankfurt.de/L/L2000.html
319	http://web.phonetik.uni-frankfurt.de/L/L6902.html
320	http://web.phonetik.uni-frankfurt.de/L/L4125.html
321	http://web.phonetik.uni-frankfurt.de/L/L2714.html
322	http://web.phonetik.uni-frankfurt.de/L/L2167.html
323	http://web.phonetik.uni-frankfurt.de/L/L4114.html
324	http://web.phonetik.uni-frankfurt.de/L/L4141.html
325	http://web.phonetik.uni-frankfurt.de/L/L6109.html
326	http://web.phonetik.uni-frankfurt.de/L/L8617.html
327	http://web.phonetik.uni-frankfurt.de/L/L4206.html
328	http://web.phonetik.uni-frankfurt.de/L/L2439.html
329	http://web.phonetik.uni-frankfurt.de/L/L2153.html
330	http://web.phonetik.uni-frankfurt.de/L/L4148.html
331	http://web.phonetik.uni-frankfurt.de/L/L2010.html
332	http://web.phonetik.uni-frankfurt.de/L/L6870.html
333	http://web.phonetik.uni-frankfurt.de/L/L4203.html
334	http://web.phonetik.uni-frankfurt.de/L/L2405.html
335	http://web.phonetik.uni-frankfurt.de/L/L4117.html
336	http://web.phonetik.uni-frankfurt.de/L/L8608.html
337	http://web.phonetik.uni-frankfurt.de/L/L8345.html
338	http://web.phonetik.uni-frankfurt.de/L/L4129.html
339	http://web.phonetik.uni-frankfurt.de/L/L4140.html
340	http://web.phonetik.uni-frankfurt.de/L/L2436.html
341	http://web.phonetik.uni-frankfurt.de/L/L2168.html
342	http://web.phonetik.uni-frankfurt.de/L/L2001.html
343	http://web.phonetik.uni-frankfurt.de/L/L4362.html
344	http://web.phonetik.uni-frankfurt.de/L/L6826.html
345	http://web.phonetik.uni-frankfurt.de/L/L6828.html
346	http://web.phonetik.uni-frankfurt.de/L/L6830.html
347	http://web.phonetik.uni-frankfurt.de/L/L6862.html
348	http://web.phonetik.uni-frankfurt.de/L/L6866.html
349	http://web.phonetik.uni-frankfurt.de/L/L8364.html
350	http://web.phonetik.uni-frankfurt.de/L/L2502.html
351	http://web.phonetik.uni-frankfurt.de/L/L4366.html
352	http://web.phonetik.uni-frankfurt.de/L/L2424.html
353	http://web.phonetik.uni-frankfurt.de/L/L6100.html
354	http://web.phonetik.uni-frankfurt.de/L/L2016.html
355	http://web.phonetik.uni-frankfurt.de/L/L6842.html
356	http://web.phonetik.uni-frankfurt.de/L/L6738.html
357	http://web.phonetik.uni-frankfurt.de/L/L4900.html
358	http://web.phonetik.uni-frankfurt.de/L/L2154.html
359	http://web.phonetik.uni-frankfurt.de/L/L6105.html
360	http://web.phonetik.uni-frankfurt.de/L/L6776.html
361	http://web.phonetik.uni-frankfurt.de/L/L6716.html
362	http://web.phonetik.uni-frankfurt.de/L/L2022.html
363	http://web.phonetik.uni-frankfurt.de/L/L2422.html
364	http://web.phonetik.uni-frankfurt.de/L/L2435.html
365	http://web.phonetik.uni-frankfurt.de/L/L4116.html
366	http://web.phonetik.uni-frankfurt.de/L/L6827.html
367	http://web.phonetik.uni-frankfurt.de/L/L4150.html
368	http://web.phonetik.uni-frankfurt.de/L/L4208.html
369	http://web.phonetik.uni-frankfurt.de/L/L2440.html
370	http://web.phonetik.uni-frankfurt.de/L/L4360.html
371	http://web.phonetik.uni-frankfurt.de/L/L6845.html
372	http://web.phonetik.uni-frankfurt.de/L/L4147.html
373	http://web.phonetik.uni-frankfurt.de/L/L2710.html
374	http://web.phonetik.uni-frankfurt.de/L/L6800.html
375	http://web.phonetik.uni-frankfurt.de/L/L2517.html
376	http://web.phonetik.uni-frankfurt.de/L/L2428.html
377	http://web.phonetik.uni-frankfurt.de/L/L8605.html
378	http://web.phonetik.uni-frankfurt.de/L/L6780.html
379	http://web.phonetik.uni-frankfurt.de/L/L8347.html
380	http://web.phonetik.uni-frankfurt.de/L/L2409.html
381	http://web.phonetik.uni-frankfurt.de/L/L6844.html
382	http://web.phonetik.uni-frankfurt.de/L/L6747.html
383	http://web.phonetik.uni-frankfurt.de/L/L6835.html
384	http://web.phonetik.uni-frankfurt.de/L/L2171.html
385	http://web.phonetik.uni-frankfurt.de/L/L6820.html
386	http://web.phonetik.uni-frankfurt.de/L/L6848.html
387	http://web.phonetik.uni-frankfurt.de/L/L2511.html
388	http://web.phonetik.uni-frankfurt.de/L/L6901.html
389	http://web.phonetik.uni-frankfurt.de/L/L2018.html
390	http://web.phonetik.uni-frankfurt.de/L/L2600.html
391	http://web.phonetik.uni-frankfurt.de/L/L2601.html
392	http://web.phonetik.uni-frankfurt.de/L/L6863.html
393	http://web.phonetik.uni-frankfurt.de/L/L8622.html
394	http://web.phonetik.uni-frankfurt.de/L/L4364.html
395	http://web.phonetik.uni-frankfurt.de/L/L8619.html
396	http://web.phonetik.uni-frankfurt.de/L/L2150.html
397	http://web.phonetik.uni-frankfurt.de/L/L6714.html
398	http://web.phonetik.uni-frankfurt.de/L/L4371.html
399	http://web.phonetik.uni-frankfurt.de/L/L2706.html
400	http://web.phonetik.uni-frankfurt.de/L/L2903.html
401	http://web.phonetik.uni-frankfurt.de/L/L2905.html
402	http://web.phonetik.uni-frankfurt.de/L/L6808.html
403	http://web.phonetik.uni-frankfurt.de/L/L2302.html
404	http://web.phonetik.uni-frankfurt.de/L/L2427.html
405	http://web.phonetik.uni-frankfurt.de/L/L2166.html
406	http://web.phonetik.uni-frankfurt.de/L/L2421.html
407	http://web.phonetik.uni-frankfurt.de/L/L2306.html
408	http://web.phonetik.uni-frankfurt.de/L/L2301.html
409	http://web.phonetik.uni-frankfurt.de/L/L6785.html
410	http://web.phonetik.uni-frankfurt.de/L/L2162.html
411	http://web.phonetik.uni-frankfurt.de/L/L8636.html
412	http://web.phonetik.uni-frankfurt.de/L/L2312.html
413	http://web.phonetik.uni-frankfurt.de/L/L6749.html
414	http://web.phonetik.uni-frankfurt.de/L/L8610.html
415	http://web.phonetik.uni-frankfurt.de/L/L4127.html
416	http://web.phonetik.uni-frankfurt.de/L/L6707.html
417	http://web.phonetik.uni-frankfurt.de/L/L4133.html
418	http://web.phonetik.uni-frankfurt.de/L/L8602.html
419	http://web.phonetik.uni-frankfurt.de/L/L2015.html
420	http://web.phonetik.uni-frankfurt.de/L/L4370.html
421	http://web.phonetik.uni-frankfurt.de/L/L4201.html
422	http://web.phonetik.uni-frankfurt.de/L/L2024.html
423	http://web.phonetik.uni-frankfurt.de/L/L2170.html
424	http://web.phonetik.uni-frankfurt.de/L/L4135.html
425	http://web.phonetik.uni-frankfurt.de/L/L2310.html
426	http://web.phonetik.uni-frankfurt.de/L/L2152.html
427	http://web.phonetik.uni-frankfurt.de/L/L2709.html
428	http://web.phonetik.uni-frankfurt.de/L/L4209.html
429	http://web.phonetik.uni-frankfurt.de/L/L2904.html
430	http://web.phonetik.uni-frankfurt.de/L/L2516.html
431	http://web.phonetik.uni-frankfurt.de/L/L8369.html
432	http://web.phonetik.uni-frankfurt.de/L/L4904.html
433	http://web.phonetik.uni-frankfurt.de/L/L4219.html
434	http://web.phonetik.uni-frankfurt.de/L/L8620.html
435	http://web.phonetik.uni-frankfurt.de/L/L6857.html
436	http://web.phonetik.uni-frankfurt.de/L/L2433.html
437	http://web.phonetik.uni-frankfurt.de/L/L6731.html
438	http://web.phonetik.uni-frankfurt.de/L/L6741.html
439	http://web.phonetik.uni-frankfurt.de/L/L2401.html
440	http://web.phonetik.uni-frankfurt.de/L/L2602.html
441	http://web.phonetik.uni-frankfurt.de/L/L4118.html
442	http://web.phonetik.uni-frankfurt.de/L/L4215.html
443	http://web.phonetik.uni-frankfurt.de/L/L2510.html
444	http://web.phonetik.uni-frankfurt.de/L/L2007.html
445	http://web.phonetik.uni-frankfurt.de/L/L6756.html
446	http://web.phonetik.uni-frankfurt.de/L/L4376.html
447	http://web.phonetik.uni-frankfurt.de/L/L6737.html
448	http://web.phonetik.uni-frankfurt.de/L/L4205.html
449	http://web.phonetik.uni-frankfurt.de/L/L6734.html
450	http://web.phonetik.uni-frankfurt.de/L/L6727.html
451	http://web.phonetik.uni-frankfurt.de/L/L4204.html
452	http://web.phonetik.uni-frankfurt.de/L/L6717.html
453	http://web.phonetik.uni-frankfurt.de/L/L6858.html
454	http://web.phonetik.uni-frankfurt.de/L/L4153.html
455	http://web.phonetik.uni-frankfurt.de/L/L4146.html
456	http://web.phonetik.uni-frankfurt.de/L/L4202.html
457	http://web.phonetik.uni-frankfurt.de/L/L4363.html
458	http://web.phonetik.uni-frankfurt.de/L/L4160.html
459	http://web.phonetik.uni-frankfurt.de/L/L2174.html
460	http://web.phonetik.uni-frankfurt.de/L/L2151.html
461	http://web.phonetik.uni-frankfurt.de/L/L6728.html
462	http://web.phonetik.uni-frankfurt.de/L/L2173.html
463	http://web.phonetik.uni-frankfurt.de/L/L2169.html
464	http://web.phonetik.uni-frankfurt.de/L/L2429.html
465	http://web.phonetik.uni-frankfurt.de/L/L4101.html
466	http://web.phonetik.uni-frankfurt.de/L/L8356.html
467	http://web.phonetik.uni-frankfurt.de/L/L8350.html
468	http://web.phonetik.uni-frankfurt.de/L/L8616.html
469	http://web.phonetik.uni-frankfurt.de/L/L8647.html
470	http://web.phonetik.uni-frankfurt.de/L/L4368.html
471	http://web.phonetik.uni-frankfurt.de/L/L2445.html
472	http://web.phonetik.uni-frankfurt.de/L/L6715.html
473	http://web.phonetik.uni-frankfurt.de/L/L4214.html
474	http://web.phonetik.uni-frankfurt.de/L/L8349.html
475	http://web.phonetik.uni-frankfurt.de/L/L8365.html
476	http://web.phonetik.uni-frankfurt.de/L/L2509.html
477	http://web.phonetik.uni-frankfurt.de/L/L6802.html
478	http://web.phonetik.uni-frankfurt.de/L/L4132.html
479	http://web.phonetik.uni-frankfurt.de/L/L6860.html
480	http://web.phonetik.uni-frankfurt.de/L/L6816.html
481	http://web.phonetik.uni-frankfurt.de/L/L2504.html
482	http://web.phonetik.uni-frankfurt.de/L/L4906.html
483	http://web.phonetik.uni-frankfurt.de/L/L8624.html
484	http://web.phonetik.uni-frankfurt.de/L/L6104.html
485	http://web.phonetik.uni-frankfurt.de/L/L2525.html
486	http://web.phonetik.uni-frankfurt.de/L/L6762.html
487	http://web.phonetik.uni-frankfurt.de/L/L4149.html
488	http://web.phonetik.uni-frankfurt.de/L/L2023.html
489	http://web.phonetik.uni-frankfurt.de/L/L2518.html
490	http://web.phonetik.uni-frankfurt.de/L/L6706.html
491	http://web.phonetik.uni-frankfurt.de/L/L4369.html
492	http://web.phonetik.uni-frankfurt.de/L/L4139.html
493	http://web.phonetik.uni-frankfurt.de/L/L4151.html
494	http://web.phonetik.uni-frankfurt.de/L/L2157.html
495	http://web.phonetik.uni-frankfurt.de/L/L8604.html
496	http://web.phonetik.uni-frankfurt.de/L/L2700.html
497	http://web.phonetik.uni-frankfurt.de/L/L2512.html
498	http://web.phonetik.uni-frankfurt.de/L/L6708.html
499	http://web.phonetik.uni-frankfurt.de/L/L2006.html
500	http://web.phonetik.uni-frankfurt.de/L/L6730.html
501	http://web.phonetik.uni-frankfurt.de/L/L4212.html
502	http://web.phonetik.uni-frankfurt.de/L/L2406.html
503	http://web.phonetik.uni-frankfurt.de/L/L8353.html
504	http://web.phonetik.uni-frankfurt.de/L/L4227.html
505	http://web.phonetik.uni-frankfurt.de/L/L4207.html
506	http://web.phonetik.uni-frankfurt.de/L/L6805.html
507	http://web.phonetik.uni-frankfurt.de/L/L4124.html
508	http://web.phonetik.uni-frankfurt.de/L/L6750.html
509	http://web.phonetik.uni-frankfurt.de/L/L6736.html
510	http://web.phonetik.uni-frankfurt.de/L/L2025.html
511	http://web.phonetik.uni-frankfurt.de/L/L2314.html
512	http://web.phonetik.uni-frankfurt.de/L/L6854.html
513	http://web.phonetik.uni-frankfurt.de/L/L6804.html
514	http://web.phonetik.uni-frankfurt.de/L/L6849.html
515	http://web.phonetik.uni-frankfurt.de/L/L2402.html
516	http://web.phonetik.uni-frankfurt.de/L/L2013.html
517	http://web.phonetik.uni-frankfurt.de/L/L2410.html
518	http://web.phonetik.uni-frankfurt.de/L/L6742.html
519	http://web.phonetik.uni-frankfurt.de/L/L2430.html
520	http://web.phonetik.uni-frankfurt.de/L/L2309.html
521	http://web.phonetik.uni-frankfurt.de/L/L2014.html
522	http://web.phonetik.uni-frankfurt.de/L/L2434.html
523	http://web.phonetik.uni-frankfurt.de/L/L2520.html
524	http://web.phonetik.uni-frankfurt.de/L/L6819.html
525	http://web.phonetik.uni-frankfurt.de/L/L6732.html
526	http://web.phonetik.uni-frankfurt.de/L/L6838.html
527	http://web.phonetik.uni-frankfurt.de/L/L2012.html
528	http://web.phonetik.uni-frankfurt.de/L/L8625.html
529	http://web.phonetik.uni-frankfurt.de/L/L2420.html
530	http://web.phonetik.uni-frankfurt.de/L/L2008.html
531	http://web.phonetik.uni-frankfurt.de/L/L2603.html
532	http://web.phonetik.uni-frankfurt.de/L/L4902.html
533	http://web.phonetik.uni-frankfurt.de/L/L4143.html
534	http://web.phonetik.uni-frankfurt.de/L/L2161.html
535	http://web.phonetik.uni-frankfurt.de/L/L2304.html
536	http://web.phonetik.uni-frankfurt.de/L/L6754.html
537	http://web.phonetik.uni-frankfurt.de/L/L4111.html
538	http://web.phonetik.uni-frankfurt.de/L/L2164.html
539	http://web.phonetik.uni-frankfurt.de/L/L4200.html
540	http://web.phonetik.uni-frankfurt.de/L/L8603.html
541	http://web.phonetik.uni-frankfurt.de/L/L6855.html
542	http://web.phonetik.uni-frankfurt.de/L/L4356.html
543	http://web.phonetik.uni-frankfurt.de/L/L6778.html
544	http://web.phonetik.uni-frankfurt.de/L/L6746.html
545	http://web.phonetik.uni-frankfurt.de/L/L2020.html
546	http://web.phonetik.uni-frankfurt.de/L/L6811.html
547	http://web.phonetik.uni-frankfurt.de/L/L6779.html
548	http://web.phonetik.uni-frankfurt.de/L/L6861.html
549	http://web.phonetik.uni-frankfurt.de/L/L2155.html
550	http://web.phonetik.uni-frankfurt.de/L/L6833.html
551	http://web.phonetik.uni-frankfurt.de/L/L2415.html
552	http://web.phonetik.uni-frankfurt.de/L/L4358.html
553	http://web.phonetik.uni-frankfurt.de/L/L2011.html
554	http://web.phonetik.uni-frankfurt.de/L/L8607.html
555	http://web.phonetik.uni-frankfurt.de/L/L4354.html
556	http://web.phonetik.uni-frankfurt.de/L/L6829.html
557	http://web.phonetik.uni-frankfurt.de/L/L8626.html
558	http://web.phonetik.uni-frankfurt.de/L/L8618.html
559	http://web.phonetik.uni-frankfurt.de/L/L8645.html
560	http://web.phonetik.uni-frankfurt.de/L/L2403.html
561	http://web.phonetik.uni-frankfurt.de/L/L2507.html
562	http://web.phonetik.uni-frankfurt.de/L/L2407.html
563	http://web.phonetik.uni-frankfurt.de/L/L6841.html
564	http://web.phonetik.uni-frankfurt.de/L/L4213.html
565	http://web.phonetik.uni-frankfurt.de/L/L6831.html
566	http://web.phonetik.uni-frankfurt.de/L/L2906.html
567	http://web.phonetik.uni-frankfurt.de/L/L6821.html
568	http://web.phonetik.uni-frankfurt.de/L/L2902.html
569	http://web.phonetik.uni-frankfurt.de/L/L4109.html
570	http://web.phonetik.uni-frankfurt.de/L/L4211.html
571	http://web.phonetik.uni-frankfurt.de/L/L2437.html
572	http://web.phonetik.uni-frankfurt.de/L/L2425.html
573	http://web.phonetik.uni-frankfurt.de/L/L2414.html
574	http://web.phonetik.uni-frankfurt.de/L/L2400.html
575	http://web.phonetik.uni-frankfurt.de/L/L4357.html
576	http://web.phonetik.uni-frankfurt.de/L/L4351.html
577	http://web.phonetik.uni-frankfurt.de/L/L8351.html
578	http://web.phonetik.uni-frankfurt.de/L/L2431.html
579	http://web.phonetik.uni-frankfurt.de/L/L6102.html
580	http://web.phonetik.uni-frankfurt.de/L/L4142.html
581	http://web.phonetik.uni-frankfurt.de/L/L4210.html
582	http://web.phonetik.uni-frankfurt.de/L/L8601.html
583	http://web.phonetik.uni-frankfurt.de/L/L6812.html
584	http://web.phonetik.uni-frankfurt.de/L/L2426.html
585	http://web.phonetik.uni-frankfurt.de/L/L6713.html
586	http://web.phonetik.uni-frankfurt.de/L/L4112.html
587	http://web.phonetik.uni-frankfurt.de/L/L6772.html
588	http://web.phonetik.uni-frankfurt.de/L/L6865.html
589	http://web.phonetik.uni-frankfurt.de/L/L8623.html
590	http://web.phonetik.uni-frankfurt.de/L/L6752.html
591	http://web.phonetik.uni-frankfurt.de/L/L4355.html
592	http://web.phonetik.uni-frankfurt.de/L/L6774.html
593	http://web.phonetik.uni-frankfurt.de/L/L2418.html
594	http://web.phonetik.uni-frankfurt.de/L/L6847.html
595	http://web.phonetik.uni-frankfurt.de/L/L4375.html
596	http://web.phonetik.uni-frankfurt.de/L/L6758.html
597	http://web.phonetik.uni-frankfurt.de/L/L2158.html
598	http://web.phonetik.uni-frankfurt.de/L/L6740.html
599	http://web.phonetik.uni-frankfurt.de/L/L2165.html
600	http://web.phonetik.uni-frankfurt.de/L/L6712.html
601	http://web.phonetik.uni-frankfurt.de/L/L8374.html
602	http://web.phonetik.uni-frankfurt.de/L/L2300.html
603	http://web.phonetik.uni-frankfurt.de/L/L2175.html
604	http://web.phonetik.uni-frankfurt.de/L/L8640.html
605	http://web.phonetik.uni-frankfurt.de/L/L2303.html
606	http://web.phonetik.uni-frankfurt.de/L/L8373.html
607	http://web.phonetik.uni-frankfurt.de/L/L6760.html
608	http://web.phonetik.uni-frankfurt.de/L/L6822.html
609	http://web.phonetik.uni-frankfurt.de/L/L6852.html
610	http://web.phonetik.uni-frankfurt.de/L/L8628.html
611	http://web.phonetik.uni-frankfurt.de/L/L6755.html
612	http://web.phonetik.uni-frankfurt.de/L/L8358.html
613	http://web.phonetik.uni-frankfurt.de/L/L6709.html
614	http://web.phonetik.uni-frankfurt.de/L/L6753.html
615	http://web.phonetik.uni-frankfurt.de/L/L8615.html
616	http://web.phonetik.uni-frankfurt.de/L/L8630.html
617	http://web.phonetik.uni-frankfurt.de/L/L8633.html
618	http://web.phonetik.uni-frankfurt.de/L/L4107.html
619	http://web.phonetik.uni-frankfurt.de/L/L8637.html
620	http://web.phonetik.uni-frankfurt.de/L/L8348.html
621	http://web.phonetik.uni-frankfurt.de/L/L4218.html
622	http://web.phonetik.uni-frankfurt.de/L/L2503.html
623	http://web.phonetik.uni-frankfurt.de/L/L8372.html
624	http://web.phonetik.uni-frankfurt.de/L/L6763.html
625	http://web.phonetik.uni-frankfurt.de/L/L4220.html
626	http://web.phonetik.uni-frankfurt.de/L/L4103.html
627	http://web.phonetik.uni-frankfurt.de/L/L4102.html
628	http://web.phonetik.uni-frankfurt.de/L/L6839.html
629	http://web.phonetik.uni-frankfurt.de/L/L6739.html
630	http://web.phonetik.uni-frankfurt.de/L/L6843.html
631	http://web.phonetik.uni-frankfurt.de/L/L4121.html
632	http://web.phonetik.uni-frankfurt.de/L/L8609.html
633	http://web.phonetik.uni-frankfurt.de/L/L8370.html
634	http://web.phonetik.uni-frankfurt.de/L/L2172.html
635	http://web.phonetik.uni-frankfurt.de/L/L6745.html
636	http://web.phonetik.uni-frankfurt.de/L/L4137.html
637	http://web.phonetik.uni-frankfurt.de/L/L8621.html
638	http://web.phonetik.uni-frankfurt.de/L/L2156.html
639	http://web.phonetik.uni-frankfurt.de/L/L8632.html
640	http://web.phonetik.uni-frankfurt.de/L/L6777.html
641	http://web.phonetik.uni-frankfurt.de/L/L6757.html
642	http://web.phonetik.uni-frankfurt.de/L/L2501.html
643	http://web.phonetik.uni-frankfurt.de/L/L4216.html
644	http://web.phonetik.uni-frankfurt.de/L/L8629.html
645	http://web.phonetik.uni-frankfurt.de/L/L4130.html
646	http://web.phonetik.uni-frankfurt.de/L/L6711.html
647	http://web.phonetik.uni-frankfurt.de/L/L4126.html
648	http://web.phonetik.uni-frankfurt.de/L/L6748.html
649	abi_Hartell1993_phon.pdf
650	adj_Hartell1993_phon.pdf
651	ajg_Hartell1993_phon1.pdf
652	ajg_Hartell1993_phon2.pdf
653	mtb_Hartell1993_phon.pdf
654	ahl_Hartell1993_phon.pdf
655	aka_Hartell1993_phon.pdf
656	bss_Hartell1993_phon.pdf
657	anc_Hartell1993_phon.pdf
658	cko_Hartell1993_phon.pdf
659	apd_Hartell1993_phon.pdf
660	avu_Hartell1993_phon.pdf
661	bav_Hartell1993_phon.pdf
662	bfd_Hartell1993_phon.pdf
663	bkc_Hartell1993_phon.pdf
664	bam_Hartell1993_phon.pdf
665	bfl_Hartell1993_phon1.pdf
666	bfl_Hartell1993_phon.pdf
667	bza_Hartell1993_phon.pdf
668	bci_Hartell1993_phon.pdf
669	bba_Hartell1993_phon.pdf
670	bas_Hartell1993_phon.pdf
671	bsq_Hartell1993_phon.pdf
672	bud_Hartell1993_phon.pdf
673	btg_Hartell1993_phon.pdf
674	bkv_Hartell1993_phon.pdf
675	bom_Hartell1993_phon.pdf
676	nhb_Hartell1993_phon.pdf
677	bhy_Hartell1993_phon.pdf
678	beh_Hartell1993_phon.pdf
679	bim_Hartell1993_phon.pdf
680	bib_Hartell1993_phon.pdf
681	bbo_Hartell1993_phon.pdf
682	bqp_Hartell1993_phon.pdf
683	bzx_Hartell1993_phon.pdf
684	bum_Hartell1993_phon.pdf
685	cme_Hartell1993_phon.pdf
686	ncu_Hartell1993_phon.pdf
687	dbq_Hartell1993_phon.pdf
688	dga_Hartell1993_phon.pdf
689	dgi_Hartell1993_phon.pdf
690	dag_Hartell1993_phon.pdf
691	daf_Hartell1993_phon.pdf
692	ada_Hartell1993_phon.pdf
693	dzg_Hartell1993_phon.pdf
694	luo_Hartell1993_phon.pdf
695	dic_Hartell1993_phon.pdf
696	dyu_Hartell1993_phon.pdf
697	tbz_Hartell1993_phon.pdf
698	dow_Hartell1993_phon.pdf
699	dts_Hartell1993_phon.pdf
700	dua_Hartell1993_phon.pdf
701	dug_Hartell1993_phon.pdf
702	igb_Hartell1993_phon.pdf
703	ewe_Hartell1993_phon.pdf
704	bin_Hartell1993_phon.pdf
705	izi_Hartell1993_phon2.pdf
706	etu_Hartell1993_phon.pdf
707	ema_Hartell1993_phon.pdf
708	enn_Hartell1993_phon.pdf
709	ewo_Hartell1993_phon.pdf
710	fmp_Hartell1993_phon.pdf
711	fon_Hartell1993_phon.pdf
712	fub_Hartell1993_phon.pdf
713	fuq_Hartell1993_phon.pdf
714	ffm_Hartell1993_phon.pdf
715	fuh_Hartell1993_phon.pdf
716	flr_Hartell1993_phon.pdf
717	gaa_Hartell1993_phon.pdf
718	gng_Hartell1993_phon.pdf
719	gya_Hartell1993_phon.pdf
720	gbp_Hartell1993_phon.pdf
721	gej_Hartell1993_phon1.pdf
722	gej_Hartell1993_phon2.pdf
723	god_Hartell1993_phon.pdf
724	gjn_Hartell1993_phon.pdf
725	gbo_Hartell1993_phon.pdf
726	gde_Hartell1993_phon.pdf
727	gux_Hartell1993_phon.pdf
728	hag_Hartell1993_phon.pdf
729	hau_Hartell1993_phon2.pdf
730	hau_Hartell1993_phon1.pdf
731	ife_Hartell1993_phon.pdf
732	ibo_Hartell1993_phon.pdf
733	ige_Hartell1993_phon.pdf
734	ijs_Hartell1993_phon.pdf
735	izi_Hartell1993_phon1.pdf
736	izi_Hartell1993_phon3.pdf
737	dyo_Hartell1993_phon.pdf
738	bex_Hartell1993_phon.pdf
739	kbp_Hartell1993_phon.pdf
740	kkj_Hartell1993_phon.pdf
741	bqx_Hartell1993_phon.pdf
742	knc_Hartell1993_phon.pdf
743	kza_Hartell1993_phon.pdf
744	kzr_Hartell1993_phon.pdf
745	xsm_Hartell1993_phon1.pdf
746	xsm_Hartell1993_phon2.pdf
747	ozm_Hartell1993_phon.pdf
748	kik_Hartell1993_phon.pdf
749	kqs_Hartell11993_phon.pdf
750	bkm_Hartell1993_phon.pdf
751	kmw_Hartell1993_phon.pdf
752	xon_Hartell1993_phon.pdf
753	xpe_Hartell1993_phon.pdf
754	gkp_Hartell1993_phon.pdf
755	krs_Hartell1993_phon.pdf
756	kri_Hartell1993_phon.pdf
757	ted_Hartell1993_phon.pdf
758	kuj_Hartell1993_phon.pdf
759	kus_Hartell1993_phon.pdf
760	las_Hartell1993_phon.pdf
761	lln_Hartell1993_phon.pdf
762	led_Hartell1993_phon.pdf
763	lom_Hartell1993_phon.pdf
764	lok_Hartell1993_phon.pdf
765	lig_Hartell1993_phon.pdf
766	lia_Hartell1993_phon.pdf
767	lmp_Hartell1993_phon.pdf
768	lin_Hartell_1993_phon.pdf
769	dop_Hartell1993_phon.pdf
770	lug_Hartell1993_phon.pdf
771	lgg_Hartell1993_phon.pdf
772	lee_Hartell1993_phon.pdf
773	mcu_Hartell1993_phon.pdf
774	mzk_Hartell1993_phon.pdf
775	maw_Hartell1993_phon.pdf
776	mlq_Hartell1993_phon.pdf
777	emk_Hartell1993_phon.pdf
778	mdj_Hartell1993_phon.pdf
779	mwk_Hartell1993_phon.pdf
780	muh_Hartell1993_phon.pdf
781	mfn_Hartell1993_phon.pdf
782	mbo_Hartell1993_phon.pdf
783	mcp_Hartell1993_phon.pdf
784	men_Hartell1993_phon.pdf
785	mgo_Hartell1993_phon.pdf
786	myk_Hartell1993_phon.pdf
787	mzw_Hartell1993_phon.pdf
788	mif_Hartell1993_phon.pdf
789	mos_Hartell1993_phon.pdf
790	moa_Hartell1993_phon.pdf
791	mnf_Hartell1993_phon.pdf
792	mkw_Hartell1993_phon.pdf
793	mur_Hartell1993_phon.pdf
794	sur_Hartell1993_phon.pdf
795	nfr_Hartell1993_phon.pdf
796	nmz_Hartell1993_phon.pdf
797	nuv_Hartell1993_phon.pdf
798	lem_Hartell1993_phon.pdf
799	sba_Hartell1993_phon.pdf
800	nga_Hartell1993_phon.pdf
801	ngb_Hartell1993_phon.pdf
802	nnh_Hartell1993_phon.pdf
803	nwb_Hartell1993_phon.pdf
804	lns_Hartell1993_phon.pdf
805	yas_Hartell1993_phon.pdf
806	nup_Hartell1993_phon.pdf
807	mhi_Hartell1993_phon.pdf
808	pbi_Hartell1993_phon.pdf
809	fuc_Hartell1993_phon.pdf
810	fuf_Hartell1993_phon.pdf
811	rel_Hartell1993_phon.pdf
812	spy_Hartell1993_phon.pdf
813	sag_Hartell1993_phon1.pdf
814	sag_Hartell1993_phon2.pdf
815	seq_Hartell1993_phon.pdf
816	srr_Hartell1993_phon.pdf
817	sil_Hartell1993_phon.pdf
818	sld_Hartell1993_phon.pdf
819	khq_Hartell1993_phon.pdf
820	snk_Hartell1993_phon1.pdf
821	snk_Hartell1993_phon2.pdf
822	sus_Hartell1993_phon.pdf
823	swh_Hartell1993_phon.pdf
824	ttq_Hartell1993_phon.pdf
825	taq_Hartell1993_phon.pdf
826	yer_Hartell1993_phon.pdf
827	lor_Hartell1993_phon.pdf
828	tuq_Hartell1993_phon.pdf
829	kdh_Hartell1993_phon.pdf
830	tfi_Hartell1993_phon.pdf
831	tem_Hartell1993_phon.pdf
832	tik_Hartell1993_phon.pdf
833	toq_Hartell1993_phon.pdf
834	neb_Hartell1993_phon.pdf
835	tsp_Hartell1993_phon.pdf
836	vag_Hartell1993_phon.pdf
837	vut_Hartell1993_phon.pdf
838	wwa_Hartell1993_phon.pdf
839	wan_Hartell1993_phon.pdf
840	wob_Hartell1993_phon.pdf
841	wol_Hartell1993_phon.pdf
842	yam_Hartell1993_phon.pdf
843	yat_Hartell1993_phon.pdf
844	yre_Hartell1993_phon.pdf
845	ybb_Hartell1993_phon.pdf
846	pil_Hartell1993_phon.pdf
847	yor_Hartell1993_phon1.pdf
848	yor_Hartell1993_phon2.pdf
849	zne_Hartell1993_phon.pdf
850	dje_Hartell1993_phon.pdf
851	gnd_Hartell1993_phon.pdf
852	fwe_baumbach1997_phon.pdf
853	yey_baumbach1997_phon.pdf
854	cav_guillaume2004_phon.pdf
855	ccc_parker1991_phon.pdf
856	che_nichols1996_phon.pdf
857	cdm_caughley1982_phon.pdf
858	mhr_sebeok1961_phon.pdf
859	cle_archivo1980_phon.pdf
860	cti_alvarez2002_phon.pdf
861	crw_thomas1971_phon.pdf
862	boi_wash2001_phon.pdf
863	crd_doak1997_phon.pdf
864	com_charney1993_phon.pdf
865	cup_hill2005_phon.pdf
866	cuv_ndokobai2003_phon.pdf
867	anv_mbuagbaw1996_phon.pdf
868	kxl_yadava2000_phon.pdf
869	aoj_Loving1978_phon.pdf
870	usa_bee1965_phon.pdf
872	bjr_oatridge1973_phon.pdf
873	ego_blench2006_phon.pdf
874	ekp_blench2006_phon.pdf
875	enb_zwarts2003_phon.pdf
876	ags_fointein1986_phon.pdf
877	fan_eko1974_phon.pdf
878	fuu_boyeldieu2000_phon.pdf
879	gbd_sands1989_phon.pdf
880	gby_rosendall1998_phon.pdf
881	gvf_evans2005_phon.pdf
882	gub_bendorsamuel1966_phon.pdf
883	gup_oates1964_phon.pdf
884	hay_byarushengo1977_phon.pdf
885	wya_lagarde1980_phon.pdf
886	hch_gomez1999_phon.pdf
887	qwh_levengood1982_phon.pdf
888	huv_archivo1983_phon.pdf
889	qxw_wroughton1996_phon.pdf
890	lyn_jacottet1896_phon.pdf
891	iby_blench2005_phon.pdf
892	imn_seiler1985_phon.pdf
893	inh_nichols1996_phon.pdf
894	ksi_donohue2002_phon.pdf
895	yal_lupke2005_phon.pdf
896	jar_lukas1961_phon.pdf
897	jap_vogel2003_phon.pdf
898	tow_yumitani1998_phon.pdf
899	mgi_blench2006_phon.pdf
900	kab_hamouma1987_phon.pdf
901	gid_noukeu2002_phon.pdf
902	kyz_souza2004_phon.pdf
903	kms_sanders1994a_phon.pdf
904	kxo_bacelar2004_phon.pdf
905	ndb_akeriweh2000_phon.pdf
906	xrb_wichser1994_phon.pdf
907	kmv_tobler1983_phon.pdf
908	ken_mbuagbaw2000_phon.pdf
909	khr_peterson_phon.pdf
910	cog_ungsitipoonporn_phon.pdf
911	kin_mpayimana2003_phon.pdf
912	okr_blench2005_phon.pdf
913	kkk_palmer1999_phon.pdf
914	kme_asobo1989_phon.pdf
915	kma_cahill1999_phon.pdf
916	kdt_oranuch1984_phon.pdf
917	kle_tolsma1999_phon.pdf
918	kto_lindstrom2002_phon.pdf
919	kgg_watters2006_phon.pdf
920	kxv_israel1979_phon.pdf
921	xwa_voort2004_phon.pdf
922	lbj_koshal1979_phon.pdf
923	lag_dunham2005_phon.pdf
924	lao_morev1979_phon.pdf
925	lvk_terrill1999_phon.pdf
926	bwt2_ebah1990_phon.pdf
927	lun_kawasha2003_phon.pdf
928	lch_fleisch2000_phon.pdf
929	bdu_atta1993_phon.pdf
930	mkd_friedman2002_phon.pdf
931	mxu_blench2006_phon.pdf
932	grg_blackings2003_phon.pdf
933	mva_turner1986_phon.pdf
934	bce_forku2000_phon.pdf
935	nmm_hildebrandt2004_phon.pdf
936	nge_swiri1998_phon.pdf
937	mec_heath1981_phon.pdf
938	ayz_dol1999_phon.pdf
940	byv_nganmou1991_phon.pdf
941	xmf_harris1991_phon.pdf
942	bfm_bangha2003_phon.pdf
943	mwt_veena1980_phon.pdf
944	cas_sakel2004_phon.pdf
945	mgg_djiafeua1989_phon.pdf
946	mhk_nahjella1997_phon.pdf
947	nmg_ngue2002_phon.pdf
948	mlv_Francois2001_phon.pdf
949	nnm_feldpausch1992_phon.pdf
950	nml_ngoran1999_phon.pdf
953	nnk_spaulding1994_phon.pdf
954	niq_creider1989_phon.pdf
955	kig_saowalak1993_phon.pdf
956	mff_kum2002_phon.pdf
957	ncl_langacker1979_phon.pdf
958	nag_bhattacharjya2001_phon.pdf
959	nsh_bolima1998_phon.pdf
960	nig_baker1999_phon.pdf
961	nam_hoddinott1988_phon.pdf
963	nla_voutsa2003_phon.pdf
964	noo_davidson2002_phon.pdf
965	kxm_phunsap1984_phon.pdf
966	pao_thornes2003_phon.pdf
967	kcn_wellens2003_phon.pdf
968	nus_frank1999_phon.pdf
969	ekm_ekambi1990_phon.pdf
970	nym_maganga1992_phon.pdf
971	nyl_taweeporn1998_phon.pdf
972	ann_faraclas1984_phon.pdf
973	mps_loving1974_phon.pdf
975	oku_yensi1996_phon.pdf
976	oss_hettich1997_phon.pdf
977	pau_josephs1975_phon.pdf
978	okv_loving1977_phon.pdf
979	yll_loving1977_phon.pdf
980	niz_loving1977_phon.pdf
981	dob_loving1977_phon.pdf
982	smq_loving1977_phon.pdf
983	uvh_loving1974_phon.pdf
984	bzf_loving1974_phon.pdf
985	prt&mlf_unchalee1988_phon.pdf
987	rma_grinevald1990_phon.pdf
989	run_rodegem1967_phon.pdf
990	nyn_poletto1998_phon.pdf
991	rwr_magier1983_phon.pdf
992	ndi_kong2004_phon.pdf
993	sbd_platiel1979_phon.pdf
994	sxm_ploykaew2001_phon.pdf
995	sae_antunes2004_phon.pdf
997	sas_austin1998_phon.pdf
998	svr_anonymous1927_phon.pdf
999	pos_clark1995_phon.pdf
1000	sey_levinson1990_phon.pdf
1001	trv_asal1969_phon.pdf
1002	ssg_wozna&wilson2005_phon.pdf
1003	sza_kruspe1999_phon.pdf
1004	ser_hill1967_phon.pdf
1005	sbf_teferra1991_phon.pdf
1006	ywn_vieira2004_phon.pdf
1007	kde_liphola2001_phon.pdf
1008	sna_fortune1955_phon.pdf
1009	bax_nchare2005_phon.pdf
1010	sjr_rowe2005_phon.pdf
1011	skr_shackle1976_phon.pdf
1012	sjw_andrews1994_phon.pdf
1013	skv_donohue2004_phon.pdf
1014	thm_migliazza1998_phon.pdf
1015	erk_thieberger2004_phon.pdf
1016	spo_carlson1972_phon.pdf
1017	sso_demuth1992_phon.pdf
1018	stw_roddy2007_phon.pdf
1019	ulw_green1999_phon.pdf
1020	jup_epps2005_phon.pdf
1021	zoh_johnson2000_phon.pdf
1022	ztp_beam2004_phon.pdf
1023	yuk_schlicter1985_phon.pdf
1024	yap_ballantyne2005_phon.pdf
1025	yur_robins1958_phon.pdf
1027	yux_maslova2003_phon.pdf
1028	wbm_wattana1998_phon.pdf
1029	wms_vries1992_phon.pdf
1030	was_jacobsen1964_phon.pdf
1031	way_silva-tavares2005_phon.pdf
1032	woc_exter2003_phon.pdf
1033	var_armendariz2005_phon.pdf
1034	vai_delafosse1899_phon.pdf
1035	ukr_pugh1999_phon.pdf
1036	phl_liljegren2008_phon.pdf
1037	mky_Bowden1997_phon.pdf
1038	tpi_gonzalez2005_phon.pdf
1039	bjz_farr_phon.pdf
1040	tav_bostrom1998_phon.pdf
1041	tgw_casimir1998_phon.pdf
1043	blk_orranat2000_phon.pdf
1044	tft_hayami2001_phon.pdf
1045	tob_klein1973_phon.pdf
1046	pol_jassem2003_phon.pdf
1047	cmn_Lee2003_phon.pdf
1048	ijn_harry2003_phon.pdf
1049	ydd_Kleine2003_phon.pdf
1050	nld_Verhoeven2005_phon.pdf
1050	nld_peters2006_phon.pdf
1051	mla_Jauncey2005_phon.pdf
1052	gay_eades2006_phon.pdf
1053	jam_harry2006_phon.pdf
1054	mcs_anonby2006_phon.pdf
1055	arg_Mott2007_phon.pdf
1056	zts_Merrill2008_phon.pdf
1057	ibb_urua2004_phon.pdf
1058	tam_Keane2004_phon.pdf
1059	zpq_sonnenschein2004_phon.pdf
1060	bgo_relich1973_phon.pdf
1061	nxl_bolton1990_phon.pdf
1062	slu_coward1990_phon.pdf
1063	tvd_lovelace1992_phon.pdf
1064	wos_wendel1993_phon.pdf
1065	blr_block1994_phon.pdf
1066	txx_dillon1994_phon.pdf
1067	bod_cha1995_phon.pdf
1068	ruk_wilson1996_phon.pdf
1069	tol_bommelyn1997_phon.pdf
1070	pae_reeder1998_phon.pdf
1071	cho_broadwell_phon.pdf
1072	crg_rosen2007_phon.pdf
1073	plg_vidal2001_phon.pdf
1074	yuc_linn2001_phon.pdf
1075	bwi_granadillo2006_phon.pdf
1076	ktn_everett2006_phon.pdf
1077	esi_nagai2006_phon.pdf
1078	zab_lillehaugen2006_phon.pdf
1080	sid_kawachi2007_phon.pdf
1081	bdr_miller2007_phon.pdf
1082	cid_jany2007_phon.pdf
1083	tee_kung2007_phon.pdf
1084	ute_oberly2008_phon.pdf
1085	duo_robinson2008_phon.pdf
1086	ton_morton1962_phon.pdf
1087	lmw_Callaghan1963_phon.pdf
1088	lzz_anderson1963_phon.pdf
1089	jun_matson1964_phon.pdf
1090	adn_haan2001_phon.pdf
1091	ael_nganganu2001_phon.pdf
1092	apu_facundes2000_phon.pdf
1093	ace_asyik1987_phon.pdf
1094	aig_farquhar1974_phon.pdf
1095	akl_chai1971_phon.pdf
1096	arh_frank1985_phon.pdf
1097	arr_gabas1999_phon.pdf
1098	ayl_elfitoury1976_phon.pdf
1099	bbc_percival1964_phon.pdf
1100	bci_timyan1977_phon.pdf
1101	bfw_fernandez1968_phon.pdf
1102	biw_begne1979_phon.pdf
1103	bla_taylor1969_phon.pdf
1104	bll_einaudi1974_phon.pdf
1105	bzj_greene1993_phon.pdf
1106	cku_kimball1985_phon.pdf
1107	coo_harris1981_phon.pdf
1108	cso_foris1993_phon.pdf
1109	diq_todd1985_phon.pdf
1110	ets_elimelech1976_phon.pdf
1111	frr_lasswell1998_phon.pdf
1112	gju_losey2002_phon.pdf
1113	gvc_stenzel2004_phon.pdf
1114	hum_takizala1974_phon.pdf
1115	hur_galloway1977_phon.pdf
1117	ilo_rubino1997_phon.pdf
1118	kbc_sandalo1995_phon.pdf
1119	kub_koops1990_phon.pdf
1120	kwi_curnow1997_phon.pdf
1121	lis_roop1970_phon.pdf
1122	los_hamel1985_phon.pdf
1123	mbe_pharris2006_phon.pdf
1124	mcf_fleck2003_phon.pdf
1125	mni_chelliah1992_phon.pdf
1126	mnk_drame1981_phon.pdf
1127	moc_grondona1998_phon.pdf
1128	mam_godfrey1981_phon.pdf
1129	myu_picanco2005_phon.pdf
1130	ncg_tarpent1987_phon.pdf
1131	nds_mierau1965_phon.pdf
1132	pmg_berthiaume2003_phon.pdf
1133	par_mclaughlin1987_phon.pdf
1134	pcm_faraclas1989_phon.pdf
1135	pej_oconnor1987_phon.pdf
1136	poq_reilly2002_phon.pdf
1138	cat_carbonell1992_phon.pdf
1139	hrv_landau1995_phon.pdf
1140	ces_dankovicova1997_phon.pdf
1141	glg_regueira1996_phon.pdf
1142	kbp_padayodi2008_phon.pdf
1143	mnh_olson2001_phon.pdf
1144	ind_soderberg2008_phon.pdf
1145	ita_rogers2004_phon.pdf
1146	qxl_masaquiza2008_phon.pdf
1147	sei_marlett1981_phon.pdf
1147	sei_Astorga2005_phon.pdf
1154	quc_larsen1988_phon.pdf
1155	qvh_weber1983_phon.pdf
1156	qum_barrett1999_phon.pdf
1157	qug_beukema1975_phon.pdf
1158	tpt_watters1988_phon.pdf
1159	abt_wilson1973_phon.pdf
1160	aau_lock1990_phon.pdf
1161	ahg_hetzron1969_phon.pdf
1162	ahk_panadda1993_phon.pdf
1163	aly_yallop1977_phon.pdf
1164	amn_minch1992_phon.pdf
1165	anu_reh1996_phon.pdf
1166	jbj_voorhoeve1985_phon.pdf
1167	aon_fortune1942_phon.pdf
1168	tcb_holton2000_phon.pdf
1169	avt_scorza1985_phon.pdf
1170	tpz_loving1975_phon.pdf
1171	pex_loving1975_phon.pdf
1172	ptp_loving1975_phon.pdf
1173	kcl_loving1975_phon.pdf
1174	sgz_loving1975_phon.pdf
1175	awx_quigley2003_phon.pdf
1176	azo_azieshi1994_phon.pdf
1177	kmn_feldman1986_phon.pdf
1178	bbw_nashipu2005_phon.pdf
1179	bbk_akumbu1999_phon.pdf
1180	bkh_edika1990_phon.pdf
1181	muo_kouonang1983_phon.pdf
1182	bvm_ngeloh2002_phon.pdf
1183	bgi_mbah2003_phon.pdf
1184	bnm_kouankem2003_phon.pdf
1185	bch_gallagher2005_phon.pdf
1186	bby_gueche2004_phon.pdf
1187	dbj_goudswaard2005_phon.pdf
1188	bem_kula2002_phon.pdf
1189	brc_kouwenberg1994_phon.pdf
1190	xub_coelho2003_phon.pdf
1191	bhw_heuvel2006_phon.pdf
1192	nbj_nordlinger1990_phon.pdf
1193	bhg_wilson2002_phon.pdf
1194	bwq_sanou1978_phon.pdf
1195	bol2_gimba2000_phon.pdf
1196	bot_abessolo1990_phon.pdf
1197	bwo_bhattacharya1977_phon.pdf
1198	bkk_ramaswami1982_phon.pdf
1199	bsp_ganong1998_phon.pdf
1200	bbx_fiensong1993_phon.pdf
1201	bxk_mutonyi2000_phon.pdf
1204	bmo_ayafor2002_phon.pdf
1205	mrq_zewen1987_phon.pdf
1206	oon_dasgupta1982_phon.pdf
1207	plo_zavala2000_phon.pdf
1208	jya_jacques2004_phon.pdf
1209	suq_bryant1999_phon.pdf
1210	blb_obata2003_phon.pdf
1211	hoa_davis2003_phon.pdf
1212	fil_cubar1994_phon.pdf
1213	nxg_djawanai1983_phon.pdf
1214	mnb_vandenberg1989_phon.pdf
1215	xxk_baird2002_phon.pdf
1219	trw_lunsford2001.pdf
1223	tzj_dayley1981_phon.pdf
1226	kfk_nigam1971.pdf
1228	aty_lynch2000.pdf
1230	cic_gordon-etal2001.pdf
1234	fub_stennes1967.pdf
1236	xsu_borgman1990_phono.pdf
1237	pav_everett1997.pdf
1238	cro_kaschube1967.pdf
1239	boi_chumash1970.pdf
1240	fub_Taylor1953.pdf
1241	any_Ahua2004.pdf
1241	any_Pyne1972.pdf
1242	any_Pyne1972.pdf
1242	any_Ahua2004.pdf
1243	mtb_Creissels1987.pdf
1244	aka_Dolphyne1988.pdf
1245	cko_Stanford1970.pdf
1246	bvx_Leitch2003.pdf
1247	bcw_Hofmann1990.pdf
1248	bdh_Santandrea1978.pdf
1249	aja_Santandrea1978.pdf
1250	bip_Lojenga2003.pdf
1251	bqp_Wedekind1972.pdf
1252	fub_Bickoe2000.pdf
1253	fuv_McIntosh1984.pdf
1253	fuv_Arnott1968.pdf
1254	her_Elderkin2003.pdf
1255	sef_Herington_etal2009.pdf
1256	khq_Heath2005.pdf
1257	ksf_Guarisma2003.pdf
1258	lea_Botne2003.pdf
1259	lmp_Nforgwei2004.pdf
1260	lmp_Nforgwei2004.pdf
1261	lmp_Nforgwei2004.pdf
1262	mye_Jacquot_etal1976.pdf
1263	bud_badie1995.pdf
1264	baz_Mous2003.pdf
1265	mgw_Odden2003.pdf
1266	yao_Odden2003.pdf
1267	umb_Sommer2003.pdf
1268	ndo_Sommer2003.pdf
1269	mhw_Sommer2003.pdf
1270	diu_Sommer2003.pdf
1271	kwn_Sommer2003.pdf
1272	snk_Diagana1995.pdf
1272	snk_Diagana1990.pdf
1273	ses_Heath1999.pdf
1274	lln_Frajzyngier2001.pdf
1275	kck_Mathangwane1999.pdf
1276	lol_hulstaert1961.pdf
1277	wok_Kuperus1985.pdf
1278	xwe_Capo1991.pdf
1279	xwl_Capo1991.pdf
1280	kqk_Capo1991.pdf
1281	gbs_Capo1991.pdf
1282	jmc_Kagaya&Olomi2006.pdf
1283	mda_Price1989.pdf
1284	mfo_Bamgbose1967.pdf
1285	nwe_dunstan1964.pdf
1286	jow_Carlson1993.pdf
1287	yba_Armstrong1967.pdf
1288	mgr_Bickmore2007.pdf
1289	kcv_Muzenga1980.pdf
1290	kws_Forges1983.pdf
1291	snm_Blackings&Fabb2003.pdf
1292	mgb_Tucker1967.pdf
1293	log_Tucker1967.pdf
1294	aft_deVoogt2009.pdf
1295	avn_Schuh1995.pdf
1296	abn_Gardner19967.pdf
1297	any_Pyne1972.pdf
1298	dgh_Frick1973.pdf
1299	afo_Mackay1968.pdf
1300	fuv_Arnott1968.pdf
1300	fuv_McIntosh1984.pdf
1301	acd_Cleal1973.pdf
1302	ayg_Cleal1973.pdf
1303	hbb_Grieve1973.pdf
1304	kwl_Netting1973.pdf
1305	kye_Cleal1973.pdf
1306	krm_Pichl1973.pdf
1307	bbp_Sampson1985.pdf
1308	dib_Andersen1987.pdf
1309	fod_Plunkett2009.pdf
1310	csk_Diatta&Pike1994.pdf
1311	jum_Andersen2004.pdf
1312	bdi_Andersen&Denmark2007.pdf
1313	lul_Andersen1987.pdf
1314	ymm_College&Paster2006.pdf
1315	mfz_Andersen1992.pdf
1316	sgi_Endresen1990:91.pdf
1317	cce_Gowlett2003.pdf
1318	xho_Gowlett2003.pdf
1319	akp_Iddah1975.pdf
1320	bun_Pichl1973.pdf
1321	buy_Pichl1973.pdf
1322	cpn_Painter1974.pdf
1323	fap_Pichl1973.pdf
1324	gur_Schaefer1975.pdf
1325	lip_Allan1974.pdf
1326	maw_Osbiston1975.pdf
1327	toi_Bostoen2009.pdf
1328	pbp_Ducos1974.pdf
1329	snw_Allen1973.pdf
1330	tiv_Arnott1968.pdf
1331	byn_Fallon2006.pdf
1332	xan_Ojo&Moshi2009.pdf
1333	lik_Lojenga2008.pdf
1334	yns_Rottland1977.pdf
1335	buu_Lojenga1994.pdf
1336	khy_Coupez1977.pdf
1338	lej_Stappers1971.pdf
1339	kbo_Goyvaerts1986.pdf
1340	won_Chanda1986.pdf
1341	wlc_Rey1994.pdf
1342	aar_Bliese1981.pdf
1343	mua_Elders2006.pdf
1344	mru_Elders2006.pdf
1345	tui_Elders2006.pdf
1346	xuo_Elders2006.pdf
1347	kbn_Elders2006.pdf
1348	gke_Elders2006.pdf
1349	myf_Ahland2009.pdf
1350	tir_Melles2001.pdf
1351	kdj_Novelli1985.pdf
1352	gwn_Matsushita1974.pdf
1353	gwn_Matsushita1974.pdf
1354	gwn_Matsushita1974.pdf
1355	gwn_Matsushita1974.pdf
1356	gwn_Matsushita1974.pdf
1357	gwn_Matsushita1974.pdf
1358	avi_Rongier2002.pdf
1359	shk_Westermann1974.pdf
1360	hgm_Tanaka1978.pdf
1361	pip_Frajzyngier1989.pdf
1364	wal_Bender_etal1976.pdf
1365	njx_Coupez_etal1965.pdf
1366	lot_Coates1985.pdf
1367	myx_Huntingford1965.pdf
1368	hig_Mohrlang1971.pdf
1369	mzj_Manessy1964.pdf
1370	say_schneeberg1971.pdf
1371	nzb_Guthrie1968.pdf
1372	dsq_Christiansen-Bolli2010.pdf
1373	ktb_Treis2008.pdf
1374	otr_Stevenson2009.pdf
1375	tic_Stevenson2009.pdf
1376	nmi_Andreas_etal2009.pdf
1377	fli_Blench&Ndamsai2009.pdf
1378	mcw_Roberts2009.pdf
1379	nmn_Traill1994.pdf
1380	kib_Quint2009.pdf
1381	kki_Petzell2011
1382	oks_Atoyebi2010.pdf
1383	xuu_Heine&König2008
1384	bbj_Nissim1972.pdf
1385	afn_Shrylock_etal1996.pdf
1386	tkq_Ladefoged1995.pdf
1387	sgc_Toweett1979.pdf
1388	pbr_Stirnimann1983.pdf
1389	hoo_Coupez1955.pdf
1390	bwu_Kröger1992.pdf
1391	bjt_N'Diaye-Correard1969.pdf
1392	now_Bickmore1991.pdf
1393	daf_Bearth&Zemp1967.pdf
1394	pko_Crazzolara1976.pdf
1395	afr_Donaldson1993.pdf
1396	agj_Hudson1997.pdf
1397	har_Wagner1997.pdf
1398	din_Malou1988.pdf
1399	nzi_Dolphyne&Dakubu1988.pdf
1400	aha_Dolphyne&Dakubu1988.pdf
1401	hna_Pohlig1992.pdf
1402	bhs_Viljoen2009.pdf
1403	xed_Langermann1991.pdf
1403	xed_Langermann1994.pdf
1404	hia_Langermann1991.pdf
1405	ikw_Clements&Osu2005.pdf
1406	kot_Ruff2005.pdf
1407	gmm_Boyd1997.pdf
1408	mqb_Gravina1999.pdf
1409	mlw_Bow1997.pdf
1410	muy_Smith1999.pdf
1411	jgo_Satre1997.pdf
1412	dmo_Cox2005.pdf
1413	ntm_Nédellec&Bukies2008.pdf
1414	stv_Gutt1983.pdf
1415	weh_Davison2009.pdf
1416	tey_Hall&Hall2004.pdf
1417	kec_Hall&Hall2004.pdf
1418	kgo_Hall&Hall2004.pdf
1419	kcp_Hall&Hall2004.pdf
1420	kcp_Hall&Hall2004.pdf
1421	xtc_Hall&Hall2004.pdf
1422	xtc_Hall&Hall2004.pdf
1423	xtc_Hall&Hall2004.pdf
1424	mgc_Persson2004.pdf
1425	luc_Kilpatrick2004.pdf
1426	keg_Yip2004.pdf
1427	lmd_Spronk2004.pdf
1428	acz_Spronk2004.pdf
1429	taz_Hetzron1977.pdf
1430	dec_Spronk2004.pdf
1431	did_deJong2004.pdf
1432	lwo_Gilley2004.pdf
1433	ach_Gilley2004.pdf
1434	bxb_Gilley2004.pdf
1435	bvi_WauBilal2004.pdf
1436	ndz_Lojenga1993.pdf
1437	bde_Schuh2007.pdf
1438	fpe_Yakpo2009.pdf
1439	jit_Downing2001.pdf
1440	dim_Seyoum2008.pdf
1441	lto_Dalgish1976.pdf
1442	djm_Heath2008.pdf
1443	kam_Roberts-Kohno2000.pdf
1444	ksf_Bessong&Mel'čuk1983.pdf
1445	laj_Carollo1991.pdf
1446	lks_Donohew1973.pdf
1446	lks_Sample1976.pdf
1447	nuj_Eastman1989.pdf
1448	wmw_Petzell2002.pdf
1449	xkv_Hyman_etal2009.pdf
1450	boz_Blecke1996.pdf
1451	alw_Schneider-Blum2007.pdf
1452	deg_Kari2004.pdf
1453	bsc_Abbatt&Cox1966.pdf
1454	pre_Maurer2009.pdf
1455	nko_Reineke1972.pdf
1456	gru_Hetzron1977.pdf
1457	gru_Hetzron1977.pdf
1458	mvz_Keegan2004.pdf
1459	sgw_Hetzron1977.pdf
1460	sgw_Hetzron1977.pdf
1461	sgw_Hetzron1977.pdf
1462	sgw_Hetzron1977.pdf
1463	sgw_Hetzron1977.pdf
1464	sgw_Hetzron1977.pdf
1465	ior_Hetzron1977.pdf
1466	ior_Hetzron1977.pdf
1467	ior_Hetzron1977.pdf
1468	dnn_Solomiac2007.pdf
1469	bmi_Stevenson1969.pdf
1471	ndh_Botne2008.pdf
1472	mym_Will1989.pdf
1473	nsg_Vossen&Rottland1989.pdf
1474	myb_Hetzron1977.pdf
1475	guk_Uzar1989.pdf
1476	teu_Serzisko1989.pdf
1477	bcq_Breeze1990.pdf
1478	bcq_Wedekind1990.pdf
1479	jnj_Wedekind1990.pdf
1480	zay_Hayward1990.pdf
1481	gmo_Eva1990.pdf
1482	kqy_Ford1990.pdf
1483	aiw_Hayward1990.pdf
1484	xom_bender2012.pdf
1485	udu_Hall&Hall2004.pdf
1486	lgn_bender2012.pdf
1487	kmq_bender2012.pdf
1488	mdm_Sawka2001.pdf
1489	lsm_Botne2006.pdf
1490	nnw_Williams1979.pdf
1491	nbe_Sibanda2004.pdf
1492	sxw_Beavon-Ham2011.pdf
1493	loh_Stirtz2011.pdf
1494	bjg_Segerer2000.pdf
1495	doy_Blench2007.pdf
1496	bam_Konatè&Vydrin1989.pdf
1496	bam_green2010.pdf
1497	hbn_Guest1997.pdf
1498	kga_Creissels1988.pdf
1499	shw_Ali_etal1998.pdf
1500	ttb_Boyd1999.pdf
1501	kua_Baucom1956.pdf
1502	lnb_Baucom1956.pdf
1503	kwm_Baucom1956.pdf
1504	nne_Baucom1956.pdf
1505	ndo_Baucom1956.pdf
1506	ndo_Baucom1956.pdf
1507	ndo_Baucom1956.pdf
1508	xon_Adouna2009.pdf
1509	zag_Jakobi&Crass1993.pdf
1510	zwa_Leslau1999.pdf
1511	zmx_Vanhoudt1987.pdf
1512	bbo_Prost1983.pdf
1513	bez_Morrison2011.pdf
1514	gkp_R_???.pdf
1515	kke_R_???2008.pdf
1516	llc_Vydrine2009.pdf
1517	lom_Sadler2006.pdf
1518	mev_R_???2009.pdf
1519	tye_McCallumJones2010.pdf
1520	sho_McCallumJones2010.pdf
1521	abu_Gauthier1971.pdf
1522	abb_Atindogbé1996.pdf
1523	afu_Obeng2008.pdf
1524	agq_Hyman1979.pdf
1525	arv_Hayward1984.pdf
1526	abi_Tresbarats&Vick1992.pdf
1527	adj_Herault1971.pdf
1528	ahi_Herault1971.pdf
1529	ald_Duponchel1974.pdf
1530	ahs_Blench2009.pdf
1531	zdj_patin2011.pdf
1531	zdj_Lafon-Ould-Aoudia1937.pdf
1532	ibe_Blench_workinprograss.pdf
1533	etx_Blench2010.pdf
1534	nus_Wright1999.pdf
1535	gel_DowSmith2001.pdf
1536	idu_Blench2010.pdf
1537	iri_Daniel&Blench2008.pdf
1538	izr_Blench2000.pdf
1539	jer_Blench2004.pdf
1540	agb_Hyman&Udoh2002.pdf
1541	lgq_Dorvlo2008.pdf
1542	awn_Joswig2010.pdf
1543	glw_Buba&Owens2007.pdf
1544	ahn_Blench2010.pdf
1545	aye_Blench2010.pdf
1546	rng_Carmicheal_etal1999.pdf
1547	wni_???.pdf
1548	biv_Kuch1993.pdf
1549	cwt_Payne1992.pdf
1550	ati_KouadioN'Guessan1996.pdf
1551	aoa_Lorenzino1998.pdf
1552	hae_Owens1985.pdf
1553	pov_Kihm1994.pdf
1554	bss_Hedinger1987.pdf
1554	bss_Hedinger2008.pdf
1555	bqz_Hedinger1987.pdf
1556	bqz_Hedinger1987.pdf
1557	bqz_Hedinger1987.pdf
1558	mbo_Hedinger1987.pdf
1559	bsi_Hedinger1987.pdf
1560	mbo_Hedinger1987.pdf
1561	lir_Singler1981.pdf
1562	ggu_LeSaout1976.pdf
1563	etoVanDeVelde2008.pdf
1564	rcf_Staudacher-Valliamee1992.pdf
1565	mls_Edgar1989.pdf
1566	cri_Ferraz1979.pdf
1567	tan_???.pdf
1568	suk_Batibo_1985.pdf
1569	mfe_Baker1972.pdf
1570	kri_Nylander1983.pdf
1571	ktu_Fehderau1966.pdf
1572	aks_Podi1995.pdf
1573	bag_KongneWelaze2004.pdf
1574	bkc_Léonard2009.pdf
1575	bmv_Ndokobai&Hedinger2005.pdf
1576	dbq_Lienhard&Giger1986.pdf
1577	gou_Viljoen2009.pdf
1578	gde_hoskison1975.pdf
1578	gde_Menetrey&Perrin2006.pdf
1579	lno_Noonan1992.pdf
1580	ahl_Massanvi1995.pdf
1581	kkj_Ernst1992.pdf
1582	knp_Weber2008.pdf
1583	mcu_Perrin&Hill1969.pdf
1584	meq_Gravina&Doumok2001.pdf
1585	mfi_Fluckiger&Whaley1981.pdf
1586	coh_dig_dug_nyf_Volk2011.pdf
1587	dig_Volk2011.pdf
1588	dug_Volk2011.pdf
1589	nyf_Volk2011.pdf
1590	nyf_Volk2011.pdf
1591	nyf_Volk2011.pdf
1592	nyf_Volk2011.pdf
1593	nyf_Volk2011.pdf
1594	nyf_Volk2011.pdf
1595	mlr_Kinnaird2006.pdf
1596	mmu_Boyd2006.pdf
1597	mpi_Allison2006.pdf
1598	mif_Pohlig&Hollingsworth2008.pdf
1599	mtk_Pohlig1981.pdf
1600	ncr_Boutwell2008.pdf
1601	nfu_Eyoh&Hedinger2008.pdf
1602	njy_Wuchu2006.pdf
1701	mrr_Ramaswami.pdf
1702	apq&njm_Ramaswami1999.pdf
1703	apq&njm_Ramaswami1999.pdf
1704	njo&apt_Ramaswami1999.pdf
1705	njo&apt_Ramaswami1999.pdf
1706	asm&awa_Ramaswami1999.pdf
1707	asm&awa_Ramaswami1999.pdf
1708	bfq&bft_Ramaswami1999.pdf
1709	bfq&bft_Ramaswami1999.pdf
1710	lmn&ben_Ramaswami1999.pdf
1711	lmn&ben_Ramaswami1999.pdf
1712	bhb&unr_Ramaswami1999.pdf
1713	bhb&unr_Ramaswami1999.pdf
1714	bwo&bkk_Ramaswami1999.pdf
1715	bwo&bkk_Ramaswami1999.pdf
1716	bns&cdn_Ramaswami1999.pdf
1717	bns&cdn_Ramaswami1999.pdf
1718	nri&drd_Ramaswami1999.pdf
1719	nri&drd_Ramaswami1999.pdf
1720	gaq&gda_Ramaswami1999.pdf
1721	gaq&gda_Ramaswami1999.pdf
1722	adl&grt_Ramaswami1999.pdf
1723	adl&grt_Ramaswami1999.pdf
1724	gju&guj_Ramaswami1999.pdf
1725	gju&guj_Ramaswami1999.pdf
1726	gbj&hlb_Ramaswami1999.pdf
1727	gbj&hlb_Ramaswami1999.pdf
1728	hin&hoc_Ramaswami1999.pdf
1729	hin&hoc_Ramaswami1999.pdf
1730	iru&jns_Ramaswami1999.pdf
1731	iru&jns_Ramaswami1999.pdf
1732	jun&xnr_Ramaswami1999.pdf
1733	jun&xnr_Ramaswami1999.pdf
1734	kan&saz_Ramaswami1999.pdf
1735	kan&saz_Ramaswami1999.pdf
1735	varma_kanigkergotti1978.pdf
1736	mjw&iru_Ramaswami1999.pdf
1737	mjw&iru_Ramaswami1999.pdf
1738	kas&xuj_Ramaswami1999.pdf
1739	kas&xuj_Ramaswami1999.pdf
1740	khr&kha_Ramaswami1999.pdf
1741	khr&kha_Ramaswami1999.pdf
1742	nkh&kfa_Ramaswami1999.pdf
1743	nkh&kfa_Ramaswami1999.pdf
1744	kfb&kfc_Ramaswami1999.pdf
1745	kfb&kfc_Ramaswami1999.pdf
1746	gau&knn_Ramaswami1999.pdf
1747	gau&knn_Ramaswami1999.pdf
1748	kfd&kfq_Ramaswami1999.pdf
1749	kfd&kfq_Ramaswami1999.pdf
1750	kfe&kff_Ramaswami1999.pdf
1751	kfe&kff_Ramaswami1999.pdf
1752	kxu&kfy_Ramaswami1999.pdf
1753	kxu&kfy_Ramaswami1999.pdf
1754	kru&kxv_Ramaswami1999.pdf
1755	kru&kxv_Ramaswami1999.pdf
1756	lbj&lmn_Ramaswami1999.pdf
1757	lbj&lmn_Ramaswami1999.pdf
1758	lep&njh_Ramaswami1999.pdf
1759	lep&njh_Ramaswami1999.pdf
1760	lus&mai_Ramaswami1999.pdf
1761	lus&mai_Ramaswami1999.pdf
1762	mal&mjt_Ramaswami1999.pdf
1763	mal&mjt_Ramaswami1999.pdf
1764	mni&nbi_Ramaswami1999.pdf
1765	mni&nbi_Ramaswami1999.pdf
1766	mar&mxj_Ramaswami1999.pdf
1767	mar&mxj_Ramaswami1999.pdf
1768	mrg&nmo_Ramaswami1999.pdf
1769	mrg&nmo_Ramaswami1999.pdf
1770	unr&nit_Ramaswami1999.pdf
1771	unr&nit_Ramaswami1999.pdf
1772	nep&ncb_Ramaswami1999.pdf
1773	nep&ncb_Ramaswami1999.pdf
1774	gdb&ori_Ramaswami1999.pdf
1775	gdb&ori_Ramaswami1999.pdf
1776	pck&pci_Ramaswami1999.pdf
1777	pck&pci_Ramaswami1999.pdf
1778	lae&peg_Ramaswami1999.pdf
1779	lae&peg_Ramaswami1999.pdf
1780	pan&bfw_Ramaswami1999.pdf
1781	pan&bfw_Ramaswami1999.pdf
1782	san&sat_Ramaswami1999.pdf
1783	san&sat_Ramaswami1999.pdf
1784	nsm&scl_Ramaswami1999.pdf
1785	nsm&scl_Ramaswami1999.pdf
1786	snd&srb_Ramaswami1999.pdf
1787	snd&srb_Ramaswami1999.pdf
1788	tam&nmf_Ramaswami1999.pdf
1789	tam&nmf_Ramaswami1999.pdf
1790	nst&tel_Ramaswami1999.pdf
1791	nst&tel_Ramaswami1999.pdf
1792	tcz&tcx_Ramaswami1999.pdf
1793	tcz&tcx_Ramaswami1999.pdf
1794	trp&tcy_Ramaswami1999.pdf
1795	trp&tcy_Ramaswami1999.pdf
1796	url&urd_Ramaswami1999.pdf
1797	url&urd_Ramaswami1999.pdf
1798	vaa&yea_Ramaswami1999.pdf
1799	vaa&yea_Ramaswami1999.pdf
1800	yeu_Ramaswami1999.pdf
1801	http://linguistics.berkeley.edu/~saphon/en/inv/Kawesqar.html
1802	http://linguistics.berkeley.edu/~saphon/en/inv/Mapudungun.html
1803	http://linguistics.berkeley.edu/~saphon/en/inv/Achagua.html
1804	http://linguistics.berkeley.edu/~saphon/en/inv/Apurina.html
1805	http://linguistics.berkeley.edu/~saphon/en/inv/Lokono.html
1806	http://linguistics.berkeley.edu/~saphon/en/inv/Ashaninka.html
1807	http://linguistics.berkeley.edu/~saphon/en/inv/AsheninkaA.html
1808	http://linguistics.berkeley.edu/~saphon/en/inv/AsheninkaPe.html
1809	http://linguistics.berkeley.edu/~saphon/en/inv/AsheninkaPi.html
1810	http://linguistics.berkeley.edu/~saphon/en/inv/AsheninkaUc.html
1811	http://linguistics.berkeley.edu/~saphon/en/inv/Baniwa.html
1812	http://linguistics.berkeley.edu/~saphon/en/inv/Baniva.html
1813	http://linguistics.berkeley.edu/~saphon/en/inv/Bare.html
1814	http://linguistics.berkeley.edu/~saphon/en/inv/Cabiyari.html
1815	http://linguistics.berkeley.edu/~saphon/en/inv/Caquinte.html
1816	http://linguistics.berkeley.edu/~saphon/en/inv/Chamicuro.html
1817	http://linguistics.berkeley.edu/~saphon/en/inv/Curripaco.html
1818	http://linguistics.berkeley.edu/~saphon/en/inv/EnaweneNawe.html
1819	http://linguistics.berkeley.edu/~saphon/en/inv/Inyapari.html
1820	http://linguistics.berkeley.edu/~saphon/en/inv/Kinikinao.html
1821	http://linguistics.berkeley.edu/~saphon/en/inv/Manchinere.html
1822	http://linguistics.berkeley.edu/~saphon/en/inv/Matsigenka.html
1823	http://linguistics.berkeley.edu/~saphon/en/inv/Mehinaku.html
1824	http://linguistics.berkeley.edu/~saphon/en/inv/Nanti.html
1825	http://linguistics.berkeley.edu/~saphon/en/inv/Nomatsiguenga.html
1826	http://linguistics.berkeley.edu/~saphon/en/inv/Palikur.html
1827	http://linguistics.berkeley.edu/~saphon/en/inv/Paraujano.html
1828	http://linguistics.berkeley.edu/~saphon/en/inv/Parecis.html
1829	http://linguistics.berkeley.edu/~saphon/en/inv/Piapoco.html
1830	http://linguistics.berkeley.edu/~saphon/en/inv/Resigaro.html
1831	http://linguistics.berkeley.edu/~saphon/en/inv/Tariana.html
1832	http://linguistics.berkeley.edu/~saphon/en/inv/Terena.html
1833	http://linguistics.berkeley.edu/~saphon/en/inv/Wapichana.html
1834	http://linguistics.berkeley.edu/~saphon/en/inv/Warekena.html
1835	http://linguistics.berkeley.edu/~saphon/en/inv/Waura.html
1836	http://linguistics.berkeley.edu/~saphon/en/inv/Wayuu.html
1837	http://linguistics.berkeley.edu/~saphon/en/inv/Xiriana.html
1838	http://linguistics.berkeley.edu/~saphon/en/inv/Yanesha.html
1839	http://linguistics.berkeley.edu/~saphon/en/inv/Yavitero.html
1840	http://linguistics.berkeley.edu/~saphon/en/inv/Yawalapiti.html
1841	http://linguistics.berkeley.edu/~saphon/en/inv/Yine.html
1842	http://linguistics.berkeley.edu/~saphon/en/inv/Yucuna.html
1843	http://linguistics.berkeley.edu/~saphon/en/inv/Baure.html
1844	http://linguistics.berkeley.edu/~saphon/en/inv/Ignaciano.html
1845	http://linguistics.berkeley.edu/~saphon/en/inv/Deni.html
1846	http://linguistics.berkeley.edu/~saphon/en/inv/Jamamadi.html
1847	http://linguistics.berkeley.edu/~saphon/en/inv/Jarawara.html
1848	http://linguistics.berkeley.edu/~saphon/en/inv/Kulina.html
1849	http://linguistics.berkeley.edu/~saphon/en/inv/Paumari.html
1850	http://linguistics.berkeley.edu/~saphon/en/inv/Suruaha.html
1851	http://linguistics.berkeley.edu/~saphon/en/inv/Aymara.html
1852	http://linguistics.berkeley.edu/~saphon/en/inv/Jaqaru.html
1853	http://linguistics.berkeley.edu/~saphon/en/inv/AwaCuaiquer.html
1854	http://linguistics.berkeley.edu/~saphon/en/inv/Chapalaa.html
1855	http://linguistics.berkeley.edu/~saphon/en/inv/Guambiano.html
1856	http://linguistics.berkeley.edu/~saphon/en/inv/Tsafiki.html
1857	http://linguistics.berkeley.edu/~saphon/en/inv/Bora.html
1858	http://linguistics.berkeley.edu/~saphon/en/inv/Miranya.html
1859	http://linguistics.berkeley.edu/~saphon/en/inv/Muinane.html
1860	http://linguistics.berkeley.edu/~saphon/en/inv/Shiwilu.html
1861	http://linguistics.berkeley.edu/~saphon/en/inv/Shawi.html
1862	http://linguistics.berkeley.edu/~saphon/en/inv/Akurio.html
1863	http://linguistics.berkeley.edu/~saphon/en/inv/Apalai.html
1864	http://linguistics.berkeley.edu/~saphon/en/inv/AraraPara.html
1865	http://linguistics.berkeley.edu/~saphon/en/inv/BakairiE.html
1866	http://linguistics.berkeley.edu/~saphon/en/inv/BakairiW.html
1867	http://linguistics.berkeley.edu/~saphon/en/inv/CaribFrG.html
1868	http://linguistics.berkeley.edu/~saphon/en/inv/CaribVen.html
1869	http://linguistics.berkeley.edu/~saphon/en/inv/CaribESu.html
1870	http://linguistics.berkeley.edu/~saphon/en/inv/Carijona.html
1871	http://linguistics.berkeley.edu/~saphon/en/inv/Hixkaryana.html
1872	http://linguistics.berkeley.edu/~saphon/en/inv/Ikpeng.html
1873	http://linguistics.berkeley.edu/~saphon/en/inv/Ingariko.html
1874	http://linguistics.berkeley.edu/~saphon/en/inv/Japreria.html
1875	http://linguistics.berkeley.edu/~saphon/en/inv/Kaxuiana.html
1876	http://linguistics.berkeley.edu/~saphon/en/inv/Kuikuro.html
1877	http://linguistics.berkeley.edu/~saphon/en/inv/Macushi.html
1878	http://linguistics.berkeley.edu/~saphon/en/inv/Mapoyo.html
1879	http://linguistics.berkeley.edu/~saphon/en/inv/Yekwana.html
1880	http://linguistics.berkeley.edu/~saphon/en/inv/Panare.html
1881	http://linguistics.berkeley.edu/~saphon/en/inv/PemonT.html
1882	http://linguistics.berkeley.edu/~saphon/en/inv/PemonA.html
1883	http://linguistics.berkeley.edu/~saphon/en/inv/Pemono.html
1884	http://linguistics.berkeley.edu/~saphon/en/inv/Trio.html
1885	http://linguistics.berkeley.edu/~saphon/en/inv/WaimiriA.html
1886	http://linguistics.berkeley.edu/~saphon/en/inv/Waiwai.html
1887	http://linguistics.berkeley.edu/~saphon/en/inv/Wayana.html
1888	http://linguistics.berkeley.edu/~saphon/en/inv/Yabarana.html
1889	http://linguistics.berkeley.edu/~saphon/en/inv/OroWin.html
1890	http://linguistics.berkeley.edu/~saphon/en/inv/Wari.html
1891	http://linguistics.berkeley.edu/~saphon/en/inv/Ika.html
1892	http://linguistics.berkeley.edu/~saphon/en/inv/Bari.html
1893	http://linguistics.berkeley.edu/~saphon/en/inv/Muisca.html
1894	http://linguistics.berkeley.edu/~saphon/en/inv/Chimila.html
1895	http://linguistics.berkeley.edu/~saphon/en/inv/Cofan.html
1896	http://linguistics.berkeley.edu/~saphon/en/inv/Kogi.html
1897	http://linguistics.berkeley.edu/~saphon/en/inv/Kuna.html
1898	http://linguistics.berkeley.edu/~saphon/en/inv/Damana.html
1899	http://linguistics.berkeley.edu/~saphon/en/inv/Tunebo.html
1900	http://linguistics.berkeley.edu/~saphon/en/inv/WounMeu.html
1901	http://linguistics.berkeley.edu/~saphon/en/inv/EmberaBaudo.html
1902	http://linguistics.berkeley.edu/~saphon/en/inv/EmberaCatio.html
1903	http://linguistics.berkeley.edu/~saphon/en/inv/EmberaChami.html
1904	http://linguistics.berkeley.edu/~saphon/en/inv/EmberaN.html
1905	http://linguistics.berkeley.edu/~saphon/en/inv/Epena.html
1906	http://linguistics.berkeley.edu/~saphon/en/inv/GununYajich.html
1907	http://linguistics.berkeley.edu/~saphon/en/inv/Ona.html
1908	http://linguistics.berkeley.edu/~saphon/en/inv/Tehuelche.html
1909	http://linguistics.berkeley.edu/~saphon/en/inv/Kokama.html
1910	http://linguistics.berkeley.edu/~saphon/en/inv/Cuiba.html
1911	http://linguistics.berkeley.edu/~saphon/en/inv/Guahibo.html
1912	http://linguistics.berkeley.edu/~saphon/en/inv/Guayabero.html
1913	http://linguistics.berkeley.edu/~saphon/en/inv/Macaguan.html
1914	http://linguistics.berkeley.edu/~saphon/en/inv/Abipon.html
1915	http://linguistics.berkeley.edu/~saphon/en/inv/Kadiweu.html
1916	http://linguistics.berkeley.edu/~saphon/en/inv/Mocovi.html
1917	http://linguistics.berkeley.edu/~saphon/en/inv/Pilaga.html
1918	http://linguistics.berkeley.edu/~saphon/en/inv/TobaLany.html
1919	http://linguistics.berkeley.edu/~saphon/en/inv/TobaTak.html
1920	http://linguistics.berkeley.edu/~saphon/en/inv/Amarakaeri.html
1921	http://linguistics.berkeley.edu/~saphon/en/inv/Cholon.html
1922	http://linguistics.berkeley.edu/~saphon/en/inv/Andoke.html
1923	http://linguistics.berkeley.edu/~saphon/en/inv/Aiwa.html
1924	http://linguistics.berkeley.edu/~saphon/en/inv/Camsa.html
1925	http://linguistics.berkeley.edu/~saphon/en/inv/Candoshi.html
1926	http://linguistics.berkeley.edu/~saphon/en/inv/Cayubaba.html
1927	http://linguistics.berkeley.edu/~saphon/en/inv/Irantxe.html
1928	http://linguistics.berkeley.edu/~saphon/en/inv/Itonama.html
1929	http://linguistics.berkeley.edu/~saphon/en/inv/Leco.html
1930	http://linguistics.berkeley.edu/~saphon/en/inv/Lule.html
1931	http://linguistics.berkeley.edu/~saphon/en/inv/Mochica.html
1932	http://linguistics.berkeley.edu/~saphon/en/inv/Movima.html
1933	http://linguistics.berkeley.edu/~saphon/en/inv/Muniche.html
1934	http://linguistics.berkeley.edu/~saphon/en/inv/Paez.html
1935	http://linguistics.berkeley.edu/~saphon/en/inv/Puinave.html
1936	http://linguistics.berkeley.edu/~saphon/en/inv/Taushiro.html
1937	http://linguistics.berkeley.edu/~saphon/en/inv/Ticuna.html
1938	http://linguistics.berkeley.edu/~saphon/en/inv/Tinigua.html
1939	http://linguistics.berkeley.edu/~saphon/en/inv/Trumai.html
1940	http://linguistics.berkeley.edu/~saphon/en/inv/Urarina.html
1941	http://linguistics.berkeley.edu/~saphon/en/inv/Vilela.html
1942	http://linguistics.berkeley.edu/~saphon/en/inv/Waorani.html
1943	http://linguistics.berkeley.edu/~saphon/en/inv/Warao.html
1944	http://linguistics.berkeley.edu/~saphon/en/inv/Yamana.html
1945	http://linguistics.berkeley.edu/~saphon/en/inv/Yurakare.html
1946	http://linguistics.berkeley.edu/~saphon/en/inv/Achuar.html
1947	http://linguistics.berkeley.edu/~saphon/en/inv/Aguaruna.html
1948	http://linguistics.berkeley.edu/~saphon/en/inv/Huambisa.html
1949	http://linguistics.berkeley.edu/~saphon/en/inv/Shuar.html
1950	http://linguistics.berkeley.edu/~saphon/en/inv/Cacua.html
1951	http://linguistics.berkeley.edu/~saphon/en/inv/Nukak.html
1952	http://linguistics.berkeley.edu/~saphon/en/inv/Katukina.html
1953	http://linguistics.berkeley.edu/~saphon/en/inv/Apinaye.html
1954	http://linguistics.berkeley.edu/~saphon/en/inv/Arikapu.html
1955	http://linguistics.berkeley.edu/~saphon/en/inv/Bororo.html
1956	http://linguistics.berkeley.edu/~saphon/en/inv/Canela.html
1957	http://linguistics.berkeley.edu/~saphon/en/inv/Besiro.html
1958	http://linguistics.berkeley.edu/~saphon/en/inv/GaviaoP.html
1959	http://linguistics.berkeley.edu/~saphon/en/inv/Guato.html
1960	http://linguistics.berkeley.edu/~saphon/en/inv/Jabuti.html
1961	http://linguistics.berkeley.edu/~saphon/en/inv/Kaingang.html
1962	http://linguistics.berkeley.edu/~saphon/en/inv/Karaja.html
1963	http://linguistics.berkeley.edu/~saphon/en/inv/Mebengokre.html
1964	http://linguistics.berkeley.edu/~saphon/en/inv/Kraho.html
1965	http://linguistics.berkeley.edu/~saphon/en/inv/Krenak.html
1966	http://linguistics.berkeley.edu/~saphon/en/inv/Krinkati.html
1967	http://linguistics.berkeley.edu/~saphon/en/inv/Maxakali.html
1968	http://linguistics.berkeley.edu/~saphon/en/inv/Ofaye.html
1969	http://linguistics.berkeley.edu/~saphon/en/inv/Panara.html
1970	http://linguistics.berkeley.edu/~saphon/en/inv/Parkateje.html
1971	http://linguistics.berkeley.edu/~saphon/en/inv/Puri.html
1972	http://linguistics.berkeley.edu/~saphon/en/inv/Rikbaktsa.html
1973	http://linguistics.berkeley.edu/~saphon/en/inv/Suya.html
1974	http://linguistics.berkeley.edu/~saphon/en/inv/Tapayuna.html
1975	http://linguistics.berkeley.edu/~saphon/en/inv/Umotina.html
1976	http://linguistics.berkeley.edu/~saphon/en/inv/Xavante.html
1977	http://linguistics.berkeley.edu/~saphon/en/inv/Xerente.html
1978	http://linguistics.berkeley.edu/~saphon/en/inv/Xokleng.html
1979	http://linguistics.berkeley.edu/~saphon/en/inv/Yaathe.html
1980	http://linguistics.berkeley.edu/~saphon/en/inv/KaingangSP.html
1981	http://linguistics.berkeley.edu/~saphon/en/inv/Chorote.html
1982	http://linguistics.berkeley.edu/~saphon/en/inv/Maka.html
1983	http://linguistics.berkeley.edu/~saphon/en/inv/Chulupi.html
1984	http://linguistics.berkeley.edu/~saphon/en/inv/WichiMP.html
1985	http://linguistics.berkeley.edu/~saphon/en/inv/Callawalla.html
1986	http://linguistics.berkeley.edu/~saphon/en/inv/MosetenC.html
1987	http://linguistics.berkeley.edu/~saphon/en/inv/MosetenSA.html
1988	http://linguistics.berkeley.edu/~saphon/en/inv/Tsimane.html
1989	http://linguistics.berkeley.edu/~saphon/en/inv/Piraha.html
1990	http://linguistics.berkeley.edu/~saphon/en/inv/Daw.html
1991	http://linguistics.berkeley.edu/~saphon/en/inv/Hupde.html
1992	http://linguistics.berkeley.edu/~saphon/en/inv/Nadeb.html
1993	http://linguistics.berkeley.edu/~saphon/en/inv/Yuhup.html
1994	http://linguistics.berkeley.edu/~saphon/en/inv/Kithaulhu.html
1995	http://linguistics.berkeley.edu/~saphon/en/inv/Latunde.html
1996	http://linguistics.berkeley.edu/~saphon/en/inv/Mamainde.html
1997	http://linguistics.berkeley.edu/~saphon/en/inv/Sabane.html
1998	http://linguistics.berkeley.edu/~saphon/en/inv/Amahuaca.html
1999	http://linguistics.berkeley.edu/~saphon/en/inv/Shawa.html
2000	http://linguistics.berkeley.edu/~saphon/en/inv/Capanahua.html
2001	http://linguistics.berkeley.edu/~saphon/en/inv/Cashibo.html
2002	http://linguistics.berkeley.edu/~saphon/en/inv/Chacobo.html
2003	http://linguistics.berkeley.edu/~saphon/en/inv/Kashinawa.html
2004	http://linguistics.berkeley.edu/~saphon/en/inv/KatukinaPan.html
2005	http://linguistics.berkeley.edu/~saphon/en/inv/Kaxarari.html
2006	http://linguistics.berkeley.edu/~saphon/en/inv/Korubo.html
2007	http://linguistics.berkeley.edu/~saphon/en/inv/Matis.html
2008	http://linguistics.berkeley.edu/~saphon/en/inv/Matses.html
2009	http://linguistics.berkeley.edu/~saphon/en/inv/Nukini.html
2010	http://linguistics.berkeley.edu/~saphon/en/inv/Panobo.html
2011	http://linguistics.berkeley.edu/~saphon/en/inv/Poyanawa.html
2012	http://linguistics.berkeley.edu/~saphon/en/inv/Saynawa.html
2013	http://linguistics.berkeley.edu/~saphon/en/inv/Shanenawa.html
2014	http://linguistics.berkeley.edu/~saphon/en/inv/Sharanahua.html
2015	http://linguistics.berkeley.edu/~saphon/en/inv/Shipibo.html
2016	http://linguistics.berkeley.edu/~saphon/en/inv/Yaminahua.html
2017	http://linguistics.berkeley.edu/~saphon/en/inv/Yawanawa.html
2018	http://linguistics.berkeley.edu/~saphon/en/inv/Yora.html
2019	http://linguistics.berkeley.edu/~saphon/en/inv/Yagua.html
2020	http://linguistics.berkeley.edu/~saphon/en/inv/Yameo.html
2021	http://linguistics.berkeley.edu/~saphon/en/inv/AncashQ.html
2022	http://linguistics.berkeley.edu/~saphon/en/inv/CajamarcaQ.html
2023	http://linguistics.berkeley.edu/~saphon/en/inv/ChachapoyasQ.html
2024	http://linguistics.berkeley.edu/~saphon/en/inv/CuzcoCollaoQ.html
2025	http://linguistics.berkeley.edu/~saphon/en/inv/FerrenafeQ.html
2026	http://linguistics.berkeley.edu/~saphon/en/inv/ImbaburaQ.html
2027	http://linguistics.berkeley.edu/~saphon/en/inv/IngaHQ.html
2028	http://linguistics.berkeley.edu/~saphon/en/inv/IngaJQ.html
2029	http://linguistics.berkeley.edu/~saphon/en/inv/JaujaHuancaQ.html
2030	http://linguistics.berkeley.edu/~saphon/en/inv/NJuninSPQ.html
2031	http://linguistics.berkeley.edu/~saphon/en/inv/NJuninT.html
2032	http://linguistics.berkeley.edu/~saphon/en/inv/AyacuchoQ.html
2033	http://linguistics.berkeley.edu/~saphon/en/inv/BolivianQ.html
2034	http://linguistics.berkeley.edu/~saphon/en/inv/HuallagaHQ.html
2035	http://linguistics.berkeley.edu/~saphon/en/inv/HuaylasCQ.html
2036	http://linguistics.berkeley.edu/~saphon/en/inv/SanMartinQ.html
2037	http://linguistics.berkeley.edu/~saphon/en/inv/YaruQ.html
2038	http://linguistics.berkeley.edu/~saphon/en/inv/SantiagoEQ.html
2039	http://linguistics.berkeley.edu/~saphon/en/inv/NapoQ.html
2040	http://linguistics.berkeley.edu/~saphon/en/inv/SalascaQ.html
2041	http://linguistics.berkeley.edu/~saphon/en/inv/TenaQ.html
2042	http://linguistics.berkeley.edu/~saphon/en/inv/Piaroa.html
2043	http://linguistics.berkeley.edu/~saphon/en/inv/Saliba.html
2044	http://linguistics.berkeley.edu/~saphon/en/inv/Araona.html
2045	http://linguistics.berkeley.edu/~saphon/en/inv/Cavinenya.html
2046	http://linguistics.berkeley.edu/~saphon/en/inv/EseEjja.html
2047	http://linguistics.berkeley.edu/~saphon/en/inv/EseEja.html
2048	http://linguistics.berkeley.edu/~saphon/en/inv/Reyesano.html
2049	http://linguistics.berkeley.edu/~saphon/en/inv/Tacana.html
2050	http://linguistics.berkeley.edu/~saphon/en/inv/BarasanaE.html
2051	http://linguistics.berkeley.edu/~saphon/en/inv/Kubeo.html
2052	http://linguistics.berkeley.edu/~saphon/en/inv/Desano.html
2053	http://linguistics.berkeley.edu/~saphon/en/inv/Guanano.html
2054	http://linguistics.berkeley.edu/~saphon/en/inv/Karapana.html
2055	http://linguistics.berkeley.edu/~saphon/en/inv/Koreguaje.html
2056	http://linguistics.berkeley.edu/~saphon/en/inv/Macuna.html
2057	http://linguistics.berkeley.edu/~saphon/en/inv/Maihiki.html
2058	http://linguistics.berkeley.edu/~saphon/en/inv/Piratapuyo.html
2059	http://linguistics.berkeley.edu/~saphon/en/inv/Secoya.html
2060	http://linguistics.berkeley.edu/~saphon/en/inv/Siona.html
2061	http://linguistics.berkeley.edu/~saphon/en/inv/Siriano.html
2062	http://linguistics.berkeley.edu/~saphon/en/inv/TanimucaR.html
2063	http://linguistics.berkeley.edu/~saphon/en/inv/Tatuyo.html
2064	http://linguistics.berkeley.edu/~saphon/en/inv/Tucano.html
2065	http://linguistics.berkeley.edu/~saphon/en/inv/Tuyuca.html
2066	http://linguistics.berkeley.edu/~saphon/en/inv/Waimaha.html
2067	http://linguistics.berkeley.edu/~saphon/en/inv/Yuruti.html
2068	http://linguistics.berkeley.edu/~saphon/en/inv/Ache.html
2069	http://linguistics.berkeley.edu/~saphon/en/inv/Akuntsu.html
2070	http://linguistics.berkeley.edu/~saphon/en/inv/Amundava.html
2071	http://linguistics.berkeley.edu/~saphon/en/inv/Apiaka.html
2072	http://linguistics.berkeley.edu/~saphon/en/inv/Arawete.html
2073	http://linguistics.berkeley.edu/~saphon/en/inv/AsuriniX.html
2074	http://linguistics.berkeley.edu/~saphon/en/inv/AsuriniT.html
2075	http://linguistics.berkeley.edu/~saphon/en/inv/AvaCanoeiro.html
2076	http://linguistics.berkeley.edu/~saphon/en/inv/Aweti.html
2077	http://linguistics.berkeley.edu/~saphon/en/inv/ChiriguanoC.html
2078	http://linguistics.berkeley.edu/~saphon/en/inv/ChiriguanoI.html
2079	http://linguistics.berkeley.edu/~saphon/en/inv/Emerillon.html
2080	http://linguistics.berkeley.edu/~saphon/en/inv/GaviaoJ.html
2081	http://linguistics.berkeley.edu/~saphon/en/inv/Guaja.html
2082	http://linguistics.berkeley.edu/~saphon/en/inv/Guajajara.html
2083	http://linguistics.berkeley.edu/~saphon/en/inv/Mbya.html
2084	http://linguistics.berkeley.edu/~saphon/en/inv/GuaraniP.html
2085	http://linguistics.berkeley.edu/~saphon/en/inv/Guarayu.html
2086	http://linguistics.berkeley.edu/~saphon/en/inv/Juma.html
2087	http://linguistics.berkeley.edu/~saphon/en/inv/Juruna.html
2088	http://linguistics.berkeley.edu/~saphon/en/inv/Kaapor.html
2089	http://linguistics.berkeley.edu/~saphon/en/inv/Kaiwa.html
2090	http://linguistics.berkeley.edu/~saphon/en/inv/Kamayura.html
2091	http://linguistics.berkeley.edu/~saphon/en/inv/Karitiana.html
2092	http://linguistics.berkeley.edu/~saphon/en/inv/Karo.html
2093	http://linguistics.berkeley.edu/~saphon/en/inv/Kayabi.html
2094	http://linguistics.berkeley.edu/~saphon/en/inv/Kuruaya.html
2095	http://linguistics.berkeley.edu/~saphon/en/inv/Makurap.html
2096	http://linguistics.berkeley.edu/~saphon/en/inv/Munduruku.html
2097	http://linguistics.berkeley.edu/~saphon/en/inv/Nheengatu.html
2098	http://linguistics.berkeley.edu/~saphon/en/inv/Omagua.html
2099	http://linguistics.berkeley.edu/~saphon/en/inv/PaiTavytera.html
2100	http://linguistics.berkeley.edu/~saphon/en/inv/Parakana.html
2101	http://linguistics.berkeley.edu/~saphon/en/inv/Sakirabia.html
2102	http://linguistics.berkeley.edu/~saphon/en/inv/SatereMawe.html
2103	http://linguistics.berkeley.edu/~saphon/en/inv/Surui.html
2104	http://linguistics.berkeley.edu/~saphon/en/inv/Tapiete.html
2105	http://linguistics.berkeley.edu/~saphon/en/inv/Tapirape.html
2106	http://linguistics.berkeley.edu/~saphon/en/inv/Tembe.html
2107	http://linguistics.berkeley.edu/~saphon/en/inv/Tenharim.html
2108	http://linguistics.berkeley.edu/~saphon/en/inv/Tupari.html
2109	http://linguistics.berkeley.edu/~saphon/en/inv/Tupinamba.html
2110	http://linguistics.berkeley.edu/~saphon/en/inv/UruEuWauWau.html
2111	http://linguistics.berkeley.edu/~saphon/en/inv/WayampiAJ.html
2112	http://linguistics.berkeley.edu/~saphon/en/inv/WayampiAmp.html
2113	http://linguistics.berkeley.edu/~saphon/en/inv/Xeta.html
2114	http://linguistics.berkeley.edu/~saphon/en/inv/Xipaya.html
2115	http://linguistics.berkeley.edu/~saphon/en/inv/Zoe.html
2116	http://linguistics.berkeley.edu/~saphon/en/inv/Siriono.html
2117	http://linguistics.berkeley.edu/~saphon/en/inv/Yuqui.html
2118	http://linguistics.berkeley.edu/~saphon/en/inv/Aikana.html
2119	http://linguistics.berkeley.edu/~saphon/en/inv/AraraMG.html
2120	http://linguistics.berkeley.edu/~saphon/en/inv/Hoti.html
2121	http://linguistics.berkeley.edu/~saphon/en/inv/Kanoe.html
2122	http://linguistics.berkeley.edu/~saphon/en/inv/KaririXocoDz.html
2123	http://linguistics.berkeley.edu/~saphon/en/inv/Kunza.html
2124	http://linguistics.berkeley.edu/~saphon/en/inv/Kwaza.html
2125	http://linguistics.berkeley.edu/~saphon/en/inv/Pume.html
2126	http://linguistics.berkeley.edu/~saphon/en/inv/Chipaya.html
2127	http://linguistics.berkeley.edu/~saphon/en/inv/Uru.html
2128	http://linguistics.berkeley.edu/~saphon/en/inv/HuitotoMinica.html
2129	http://linguistics.berkeley.edu/~saphon/en/inv/HuitotoMurui.html
2130	http://linguistics.berkeley.edu/~saphon/en/inv/Nonuya.html
2131	http://linguistics.berkeley.edu/~saphon/en/inv/Ocaina.html
2132	http://linguistics.berkeley.edu/~saphon/en/inv/NinamN.html
2133	http://linguistics.berkeley.edu/~saphon/en/inv/Sanuma.html
2134	http://linguistics.berkeley.edu/~saphon/en/inv/Yanomami.html
2135	http://linguistics.berkeley.edu/~saphon/en/inv/Yanomamo.html
2136	http://linguistics.berkeley.edu/~saphon/en/inv/Chamacoco.html
2137	http://linguistics.berkeley.edu/~saphon/en/inv/Ayoreo.html
2138	http://linguistics.berkeley.edu/~saphon/en/inv/Andoa.html
2139	http://linguistics.berkeley.edu/~saphon/en/inv/Arabela.html
2140	http://linguistics.berkeley.edu/~saphon/en/inv/Iquito.html
2142	http://linguistics.berkeley.edu/~saphon/en/inv/Nhandeva.html
2143	http://linguistics.berkeley.edu/~saphon/en/inv/Pisamira.html
2144	http://linguistics.berkeley.edu/~saphon/en/inv/AlacalufeS.html
2145	http://linguistics.berkeley.edu/~saphon/en/inv/AymaraC.html
2146	http://linguistics.berkeley.edu/~saphon/en/inv/YanomamaP.html
2147	http://linguistics.berkeley.edu/~saphon/en/inv/YanomaeD.html
2148	http://linguistics.berkeley.edu/~saphon/en/inv/SanomaK.html
2149	http://linguistics.berkeley.edu/~saphon/en/inv/YanomamiP.html
2150	http://linguistics.berkeley.edu/~saphon/en/inv/YaroameS.html
2151	http://linguistics.berkeley.edu/~saphon/en/inv/YanomamiV.html
2152	http://linguistics.berkeley.edu/~saphon/en/inv/Pacahuara.html
2153	http://linguistics.berkeley.edu/~saphon/en/inv/YukpaMa.html
2154	http://linguistics.berkeley.edu/~saphon/en/inv/YukpaIra.html
2155	http://linguistics.berkeley.edu/~saphon/en/inv/Trinitario.html
