InventoryID	BibtexKey
1	Cho1967
1	Martin1951
1	Martin1954
1	MartinLee1969
1	Kim1968
1	Kim1972
2	Dulzon1968
2	Krejnovich1968
3	Murkelinskij1967
3	Zhirkov1955
3	Khajdakov1966
4	Kuipers1960
5	RobinsWaterson1952
5	Selmer1935
5	Tschenkeli1958
5	Vogt1938
5	Vogt1939
5	Vogt1958
5	Vogt1971
6	Morgenstierne1945
7	Pinnow1964
7	Pfeiffer1972
7	Grignard1924
8	Lisker1963
8	Krishnamurti1961
8	Kelley1963
9	Emeneau1944
10	GumperzBilibiri1957
11	Biligiri1965
11	Pinnow1959
12	Rabel1961
13	Smith1968
14	Huffman1970a
14	Jacob1968
14	Huffman1970b
15	Thompson1965
16	Dow1972
16	Chao1968
16	Cheng1973b
16	Karlgren1926
17	Chao1970
18	Hashimoto1973
19	Cheng1973a
20	Purnell1965
21	Ray1967
22	Okell1969
23	Matisoff1973
24	Burling1961
25	Jones1961
26	Haudricourt1967
27	Abramson1962
27	Kruatrachue1960
27	Noss1954
27	Noss1964
28	Gedney1965
29	Blood1967
30	Egerod1966
31	Dahl1952
31	Dyen1971
32	Verguin1967
32	MacdonaldSoenyono1967
33	vanderTuuk1971
34	Clayre1973
35	VanSyoc1959
35	Anderson1972
35	Robins1953
35	Robins1957
36	Uhlenbeck1949
36	Uhlenbeck1963
37	SchachterOtanes1972
37	Bloomfield1917
38	Topping1973
39	Tryon1968
39	Haudricourt1971
40	Counts1969
41	Holzknecht1973
42	Hohepa1967
42	WilliamsWilliams1965
42	Biggs1961
43	PukuiElbert1965
44	Douglas1955
44	Douglas1964
45	OGrady1964
46	Sommer1969
46	Capell1967
47	Tryon1970
48	CapellHinch1970
49	HughesLeeding1971
50	Sharpe1972
51	SayersGodfrey1964
52	Cowan1965
53	Kooyers_etal1971
54	Voorhoeve1965
55	Healey1964
56	FrantzFrantz1966
57	Bees1965
58	Pence1966
59	McElhanon1970a
60	HurdHurd1966
61	Bergsland1956
61	Bergsland1959
61	Menovshchikov1968
61	Jakobson1944
62	Thalbitzer1904
62	Rischel1974
62	Kleinschmidt1851
63	Li1946
63	Li1932
63	Li1933
64	Bright1964
65	Golla1970
65	Woodward1964
66	SapirHoijer1967
67	Sapir1923
68	Kuipers1967
69	Snyder1968
70	SapirMorris1939
70	SapirMorris1955
70	Jacobsen1969
71	Boas1947
71	Newman1950
72	Bloomfield1957
73	Voegelin1946
74	Garvin1950
75	BoasDeloria1941
76	Chafe1967
77	Lounsbury1953
78	Crawford1973
78	Ballard1975
79	Rand1968
80	Haas1941
81	Aoki1970
81	Aoki1970a
81	Aoki1966
82	Shipley1956
82	Shipley1964
83	Wonderly1951
84	Aschmann1946
85	Keller1959
86	Kaufman1971
87	Foster1969
88	Bright1957
89	Moshinsky1974
90	Langdon1970
91	Newman1965
92	Trager1971
93	HoijerDozier1949
94	Malecot1963
94	KroeberGrace1960
94	Bright1965
94	Bright1968
95	Whorf1946
95	Voegelin1956
96	Hale1959
96	Saxton1963
97	BlightEunice1976
98	Spotts1953
98	Pike1951
99	PikePike1947
100	HunterPike1969
101	LindskoogBrend1962
102	Gerdel1973
103	LiccardiGrimes1968
104	Bills_etal1969
104	Lastra1968
104	Lastra1968
104	Parker1969
105	Hardman1966
106	EcheverriaContreras1965
107	Taylor1955
108	Tracy1972
109	Holmer1949
110	Dirks1953
111	OttOtt1967
112	Fast1953
113	BeasleyPike1957
114	StolteStolte1971
115	Anderson1959
115	Anderson1962
116	Peasgood1972
116	Hoff1968
117	AgnewPike1957
118	Priest1968
119	GregoresSuarez1967
119	Lunt1973
119	Uldall1956
120	Osborn1948
121	Prost1967
122	BurgessHam1968
123	Applegate1958
124	KraftKraft1973
124	Greenberg1941
124	Abraham1959a
124	Abraham1959
124	Kraft1963
124	Hodge1947
124	HodgeUmaru1963
124	BraunerAshiwajn1965
124	KraftKirk-Greene1973
125	Burquest1971
126	Hoffmann1963
127	Armstrong1964
127	Andrzejewsky1955
127	Andrzejewsky1956
128	Hetzron1969
129	Whiteley1958
130	Palmer1962
131	Leslau1968
131	Klingenheben1966
131	Sumner1957
132	Mitchell1962
132	Tomiche1964
132	Kennedy1960
133	Harrell1962
133	Abdel-Massih1973
133	Harrell1965
134	Borg1973
135	Chayen1973
135	CohenZafrani1968
136	Stevenson1957
136	TuckerBryan1966
137	Welmers1962
137	Welmers1973
138	Sauvageot1965
138	ManessySauvageot1963
138	Ward1963
139	WilsonBendor-Samuel1969
140	Ladefoged1964
140	SchachterFromkin1968
140	Stewart1967
140	Welmers1946
141	Berry1951a
142	Stahlke1970
142	Berry1951
142	Ansre1961
142	Ladefoged1964
143	Williamson1969
143	Carnochan1948
143	Swift_etal1962
143	Ladefoged1968
143	Ward1936
144	Jacquot1962
145	Polome1967
146	Horton1949
147	Doke1926
147	Doke1961
148	Samarin1966
149	Prost1956
150	Lukas1937
151	Crazzolara1960
151	TuckerBryan1966
152	Bell1971
153	Gregersen1961
154	TuckerMpaayei1955
154	TuckerBryan1966
155	Beach1938
156	Fhailigh1968
156	Florence1970
157	Ternes1970
158	Haugen1958
158	Einarsson1949
159	Vanvik1972
159	Vanvik1972a
160	OConner1973
160	Gimson1962
160	Halle1973
160	Fudge1975
160	Trnka1968
161	Moulton1962
161	Philipp1974
161	Werner1972
162	Sten1963
163	Head1964
163	Camara1972
164	Navarro1961
164	Harris1969
164	SaportaContreras1962
165	Agard1958
165	Ruhlen1973
166	JonesWard1969
166	Halle1959
167	Aronson1968
167	Klagstad1958
168	Senn1966
168	Augustitis1964
168	Ambrazas_etal1966
169	Newmark1957
170	Householder_etal1964
170	Newton1972
170	Kaisse1975
170	Kaisse1976
171	Allen1950
172	Obolensky_etal1963
173	Shafeev1964
174	KelkarTrisal1964
175	GillGleason1963
176	Kelkar1968
176	VermeerSharma1966
176	Pinnow1953
176	Srivastava1969
177	FergusonChowdhury1960
178	CoatesSilva1960
179	Ndiaye1970
179	Gavel1929
180	Lehtinen1964
180	Harms1964
180	Austerlitz1967
180	Hammarberg1974
180	Kiparsky1968
180	Harms1966
181	Ristinen1960
182	Lytkin1966
182	Bubrich1949
183	Kalman1972
183	Banhidi_etal1965
183	Hall1938
183	Hall1944
184	Gulya1966
184	Steinitz1950
184	Katz1975
185	Hajdu1963
185	Decsy1966
185	Ristinen1965
185	Ristinen1968
185	Katz1975
186	Swift1963
186	Lees1961
186	Underhill1976
187	HouseholderLofti1965
188	HerbertPoppe1963
189	Kruger1961
189	Andreev1966
190	Krueger1962
190	Bohtlingk1964
191	Hangin1968
191	Luvsanvandan1964
191	Street1963
192	Novikova1960
193	Krejnovich1968b
193	Krejnovich1958
194	Panfilov1962
194	Panfilov1968
195	Skorik1968
195	Skorik1961
196	Simeon1969
197	Bloch1950
197	Martin1952
197	Jorden1963
198	Bouny1977
199	Olmsted1964
199	Olmsted1966
200	Holzknecht1973
201	NO SOURCE GIVEN
202	Roberts1987
203	Huisman1973
203	Huisman_etal1981
203	HuismanLloyd1981
204	Hyman1979
205	Herault1971
206	Kari1979
206	KariBuck1975
207	Patrie1982
207	Simeon1969
208	Dolphyne1988
208	Ladefoged1964
208	SchachterFromkin1968
208	Stewart1967
208	Welmers1946
209	Edwards1978
210	Rand1968
211	Clairis1977
212	Duponchel1971
212	DumestreDuponchel1971
213	Bergsland1956
213	Bergsland1959
213	Jakobson1944
213	Menovshchikov1968
214	Sharpe1972
215	Newmark1957
216	Osborn1948
217	Fast1953
217	Wise1958
218	Lydall1976
219	Klingenheben1966
219	Leslau1968
219	Sumner1957
220	Anderson1980
220	Di-Luzio1972
221	Bruce1984
222	Bauernschmidt1965
222	Longacre1966
223	Burquest1971
224	Landaburu1979
225	Douglas1955
225	Douglas1964
226	BurgessHam1968
227	Brown1914
227	VoegelinVoegelin1966
228	Kodzasov1977
229	Rich1963
230	EcheverriaContreras1965
230	Key1978
231	Kennedy1960
231	Mitchell1962
231	Tomiche1964
232	SaintPike1962
233	Charachidze1981
233	Zhirkov1936
234	Hetzron1969
235	Najlis1966
236	HouseholderLofti1965
237	Poppe1964
238	Bird_etal1977
239	StolteStolte1971
240	Welmers1952
241	vanderTuuk1971
242	Desheriev1953
243	leBrisProst1981
243	Morse1976
244	Dell1981
245	Metcalfe1971
246	Cook1969a
247	Verheijen1986
248	Cunningham1969
249	Hudson1974
249	Hudson1976
250	FergusonChowdhury1960
251	Jacquot1962
251	Jacquot1981
252	WerleGbalehi1976
253	Naden1973b
253	Naden1973
254	Wheatley1973
254	Wheatley1969
255	Nater1984
255	Newman1947
256	WaltonWalton1967
257	Bouquiaux1970
257	Wolff1959
258	Crowell1979
259	Keller1976
260	Bothorel1982
260	Ternes1970
261	De-Armond1975
261	Emeneau1937
261	Emeneau1962
262	Thongkum1979
263	Bhat1968
264	Morgenstierne1945
265	Aronson1968
265	Bidwell1968
265	Klagstad1958
265	Scatton1984
266	GlasgowGlasgow1967
267	ParkerParker1974
268	Arroyo1972
269	Chafe1976
270	Stell1972
271	Das1977
272	Hoff1968
272	Peasgood1972
273	LindskoogBrend1962
274	Diffloth1984
274	Thongkum1984
275	Anderton1989
275	Cathcart1979
276	Jiahua1960
277	Costenoble1940
277	Seiden1960
277	Topping1969
277	Topping1973
278	Li1932
278	Li1933
278	Li1946
279	Robbins1968
279	Robbins1975
279	Robbins1961
280	BenderBender1946
280	Walker1975
280	Cook1979
281	Kruger1961
282	Blood1967
283	Kinkade1963
284	Thurman1970
285	Skorik1961
285	Skorik1968
286	Chao1968
286	Cheng1973b
286	Dow1972
286	Jiahua1960
286	Karlgren1926
286	Hanyu1960
287	Liang1984
287	Liang1984b
287	OuyangZheng1980
287	OuyangZheng1963
288	Dirks1953
288	Payne1981
289	Borman1962
290	Santos1977
291	Wang1985
291	Wang1983
291	Purnell1972
292	Taylor1955
293	Henderson1965
294	Pride1965
295	Salser1971
296	Key1961
297	Fedry1977
298	BearthZemp1967
299	WilsonBendor-Samuel1969
300	Thelwall1981
300	TuckerBryan1966
301	Tucker_etal1977
301	Nurse1986
302	Ray1967
303	Dixon1972
304	Moulton1962
304	Wangler1972
305	Austin1981
306	Langdon1970
307	Andersen1987
307	Malou1988
308	Bromley1961
308	vanderStap1966
309	GuoqiaoYang1988
310	Wiering1974
311	Li1973
311	Li1977-dru
312	Anonymous1982
313	Bendor-Samuel_etal1989
313	Morphy1983
314	RoseMorphy1982
315	Sapir1965
316	Cook1969b
317	Doble1962
317	Doble1987
317	Steltenpool1969
318	Householder_etal1964
318	Newton1972
318	Pring1967
319	Krauss1975
320	Watters1981
321	Gavel1929
321	Ndiaye1970
322	Novikova1960
323	Ladefoged1964
323	Stahlke1970
323	Berry1951
324	Abega1970
324	NnomoMbezele1982
324	Redden1979
325	Krauss1965
326	LoewekeMay1964
327	Bell1968
327	Bell1971
327	Stevenson1957
328	Dixon1988
329	Austerlitz1967
329	Hammarberg1974
329	Harms1964
329	Harms1966
329	Lehtinen1964
330	Hyman1972
331	Sten1963
332	Lapenda1968
333	Beaton1968
333	TuckerTucker1966
334	Li1977
335	Berry1951a
336	FrantzFrantz1966
337	Furby1974
338	MoninoRoulon1972
338	Samarin1966
339	HymanMagaji1970
340	He1983
340	He1981
341	Avrorin1968
342	Fhailigh1968
342	Sommerfelt1964
342	Brothers1905
343	Allan1976a
344	Holmer1949
344	Mansen1967
345	GregoresSuarez1967
345	Lunt1973
345	Uldall1956
346	KondoKondo1967
347	BranksBranks1973
347	Caudmont1964
348	Susnik1974
349	Oates1964
349	OatesOates1964
349	Wurm1972a
350	Hashimoto1973
351	Abraham1934
351	Abraham1959
351	Abraham1959a
351	BraunerAshiwajn1965
351	Greenberg1941
351	Hodge1947
351	HodgeUmaru1963
351	Kraft1963
351	KraftKirk-Greene1973
351	KraftKraft1973
351	Taylor1959
352	PukuiElbert1965
352	ElbertPukui1979
352	Schutz1981
353	Sapir1923
354	Kelkar1968
354	Ohala1983
354	Pinnow1953
354	Srivastava1969
354	VermeerSharma1966
355	Derbyshire1985
356	KluckhohnMacLeish1955
356	Voegelin1956
356	Whorf1946
357	DempwolffND
357	TuckerMpaayei1955
358	Banhidi_etal1965
358	Hall1938
358	Hall1944
358	Kalman1972
359	Golla1970
359	Woodward1964
360	LarsenPike1949
360	Ochoa-Peralta1984
361	Stairs_etal1981
361	Suarez1975
362	Allen1950
363	Haudricourt1971
363	Ozanne-Rivierre1976
363	Tryon1968
364	Kuala1981
364	Scott1957
365	Carnochan1948
365	Ladefoged1964
365	Ladefoged1976
365	Swift_etal1962
365	Ward1936
365	Williamson1969
366	OttOtt1967
367	Williamson1965
368	Heine1975b
369	Voorhoeve1989
370	Whiteley1958
371	Meader1967
372	Donwa1982
373	Volodin1976
374	LiccardiGrimes1968
375	Mao_etal1982
375	Purnell1965
376	CottleCottle1958
376	HeyeHeye1967
376	HidalgoHidalgo1971
377	Laycock1965
378	Craig1977
378	Day1973
379	HuttarKirton1981
379	Kirton1967
379	KirtonCharlie1978
380	Fagan1988
380	Horne1961
380	Herrfurth1964
380	Uhlenbeck1963
381	Bendor-Samuel1961
382	FlemingDennis1977
383	BeasleyPike1957
384	Bloch1950
384	Jorden1963
384	Martin1952
384	Shibatani1990
385	Hardman1966
385	Hardman1983
386	DurbinSeijas1972
387	Liu1964
388	Kleinschmidt1851
388	Rischel1974
388	Thalbitzer1904
389	Bhat1987
389	KelkarTrisal1964
389	Zakharin1974
389	ZakharinEdelman1971
390	Neisser1953
390	RobinsWaterson1952
390	Selmer1935
390	Tschenkeli1958
390	Vogt1938
390	Vogt1958
390	Vogt1971
391	Kuipers1960
392	Howard1976
392	Howard1972
392	Mongui1981
393	Dutton1969
394	Fleming1976
395	Voorhoeve1971
396	Gulya1966
396	Katz1975
396	Steinitz1950
397	Freeze1975
397	Haeseriju1966
398	Ebert1976
398	Ebert1979
399	Dulzon1968
399	Krejnovich1968
400	Emeneau1944
401	Tyler1969
402	Henry1935
402	Kindell1972
402	Wiesemann1972
403	Rabel1961
404	Li1964
405	Hangin1968
405	Luvsanvandan1964
405	Street1963
405	Svantesson1985
406	Counts1969
407	Ehrman1972
407	Huffman1970a
407	Huffman1970b
407	Jacob1968
408	Biligiri1965
408	Pinnow1959
409	Sivertsen1956
409	WatkinsMcKenzie1984
409	Harrington1928
410	HerbertPoppe1963
410	Junusaliev1966
411	Wurm1977
412	Svantesson1983
413	Miller1966
414	FranklinFranklin1962
415	Paulian1975
416	Barker1964
417	Singler1979
418	Kooyers_etal1971
419	AbdullaMcCarus1967
420	Newman1974
421	Awobuluyi1971
421	Hutchison1981
421	Lukas1937
422	Gajendragadkar1970
422	Madtha1984
422	Major1979
423	Cho1967
423	Kim1972
423	Kim1986
423	Martin1951
423	Martin1954
423	MartinLee1969
424	Shimizu1971
425	Manley1972
426	Bubrix1949
426	Lytkin1966
427	Zhukova1980
428	Montgomery1970
429	Pfeiffer1972
429	Pinnow1964
430	Jones1961
431	Blake1979
432	Snyman1970
432	Snyman1975
433	TuckerBryan1966
434	Pence1966
435	Sherzer1983
436	Keesing1985
437	Boas1911
437	Boas1947
437	Grubb1977
437	Newman1950
438	Bright1957
439	Haudricourt1967
440	Khajdakov1966
440	Murkelinskij1967
440	Zhirkov1955
441	Hofftmann1971
442	Anderson1986
442	Crazzolara1960
442	TuckerBryan1966
443	Matisoff1973
444	Ambrazas_etal1966
444	Augustitis1964
444	Senn1966
445	BoasDeloria1941
446	Sachnine1982
447	Bright1965
447	Bright1968
447	Hyde1971
447	KroeberGrace1960
447	Malecot1963
448	Gregersen1961
449	Snyder1968
450	Jamieson1976
450	Jamieson1976b
450	PikePike1947
451	TuckerBryan1966
451	TuckerMpaayei1955
452	Pike1951
452	Spotts1953
453	Gudschinsky_etal1970
454	PerrinHill1969
455	Hagege1970
456	TuckerBryan1966
457	Allan1976b
458	Pasch1986
459	Weiers1971
460	Ristinen1960
461	HunterPike1969
462	Todaeva1973
463	Austin1962
464	Laycock1978
465	BlackBlack1971
465	Schadeberg1981a
466	Birk1975
466	Tryon1974
467	CapellHinch1970
468	MacDonald1973
469	Voorhoeve1982
469	Watuseke1976
470	Hoffmann1963
470	Maddieson1987
471	McKaughan1958
471	McKaughanMacaraya1967
472	Crawford1963
472	SchoenhalsSchoenhals1965
473	Arensen1982
473	TurtonBender1976
474	StreetMollinjin1981
475	Kennedy1981
475	Wurm1972a
476	Okell1969
477	Everett1982
477	Rodrigues1980
477	Sheldon1974
478	Shimizu1983
479	JudyJudy1962
480	Price1976
481	Jiahua1960
482	Beach1938
482	LadefogedTraill1980
483	HurdHurd1966
484	SapirHoijer1967
485	Bradley1975
485	Jiang1980
486	Brockway1963
486	Law1955
486	SchumannGarcia1966
487	Gueye1986
488	Bandhu_etal1971
489	HaleHale1969
489	Manandhar1986
490	Aoki1966
490	Aoki1970
490	Aoki1970a
491	Schuh1972
492	Hyman1981
493	Boyeldieu1985
494	Castren1966
494	Tereshchenko1966b
494	Tereshchenko1979
495	Anceaux1965
496	Austerlitz1956
496	Krejnovich1937
496	Panfilov1962
496	Panfilov1968
496	ZinderMatusevich1937
497	Gurubasave-Gowda1972
497	Gurubasave-Gowda1975
498	Shipley1956
498	Shipley1964
499	Vanvik1972
500	Jacobsen1969
500	SapirMorris1939
500	SapirMorris1955
501	Bender1968
501	Thompson1976
502	Li1977
503	HughesLeeding1971
504	Stevenson1957
504	TuckerBryan1966
505	Heine1975a
506	AgnewPike1957
507	Williamson1972
507	Williamson1970
508	Bloomfield1957
509	Hale1959
509	Saxton1963
510	Efimov1986
511	Watson1964
512	Holt1986
513	Gerdel1973
514	Cauty1974
514	Cauty1974b
514	Cauty1978
515	Gedney1965
516	Obolensky_etal1963
517	Dahl1952
517	Dyen1971
518	Moshinsky1974
519	Rehg1981
519	Rehg1984
519	Rehg1984a
520	Diffloth1980
520	MaddiesonLadefoged1985
520	QiuNie1980
521	Grjunberg1987
521	Penzl1955
521	Shafeev1964
522	Ferrel1982
522	Ho1977
523	Cooke_etal1976
524	Bills_etal1969
524	Lastra1968
524	Parker1969
525	Powell1975
526	Allin1976
527	Agard1958
527	Tataru1978
527	Ruhlen1973
528	Firchow1969
529	Bluhme1970
529	Davis1974
530	Halle1959
530	JonesWard1969
531	Dzhejranishvili1967
531	Ibragimov1978
532	Dempwolff1916
532	Elderkin1982
532	Tucker_etal1977
533	Samarin1967a
533	Samarin1967b
534	Bohtlingk1964
534	Krueger1962
534	Ubrjatova1966
535	Smith1968
536	Chafe1967
537	Welmers1950
538	Katz1975a
539	Prost1956
539	Williamson1967
540	Cowan1965
541	MigliazzaGrimes1961
542	Applegate1958
543	Kuipers1974
544	Silver1964
545	CoatesSilva1960
546	Harms1984
546	Harms1985
547	Broadbent1964
547	Freeland1951
548	Benaissa1979
549	Hasselbrink1965
549	Kert1971
550	WheelerWheeler1962
551	Clayre1973
552	Andrzejewsky1955
552	Andrzejewsky1956
552	Armstrong1964
552	Cardona1981
552	Farnetani1981
553	Harris1969
553	Navarro1961
553	SaportaContreras1962
554	McElhanon1970a
554	McElhanon1970b
555	Johnstone1975
555	Leslau1938
556	Priest1968
557	Wurm1972b
558	Wilson1969
559	Todd1975
560	Li1948
561	Mazaudon1973
562	Egerod1966
563	Hanke1956
564	TuckerBryan1966
565	Anderson1962
565	Anderson1959
566	Bhat1967
567	Gerzenstein1968
568	Kelley1963
568	Kostic_etal1977
568	Krishnamurti1961
568	Lisker1963
568	Sastry1972
569	Dalby1966
569	Wilson1961
570	TuckerBryan1966
571	Morris1984
572	Beaumont1979
573	Bloomfield1917
573	SchachterOtanes1972
574	Abramson1962
574	Haas1956
574	Haas1964
574	Kruatrachue1960
574	Noss1954
574	Noss1964
575	Prasse1972
576	Klingenheben1966
576	Palmer1962
577	Osborne1974
577	Lee1983
577	Lee1984
578	Post1966
578	Schlegel1971
579	StoryNaish1973
579	Swanton1909
579	Swanton1911
580	Schadeberg1981b
581	TuckerBryan1966
582	Voorhoeve1965
583	Key1968
583	Van-Wynen1962
584	Lynch1978
585	Aschmann1946
586	Bergman_etal1969
587	Suarez1983
588	Trumai1975
589	Brown1973
590	Hoijer1946
590	Hoijer1949
590	Hoijer1972
591	Garbell1965
592	Dunn1978
592	Dunn1979
592	Hoard1978
592	Mulder1988
593	Tung1964
594	Foster1969
594	Friedrich1975
595	Newman1970
596	Haas1941
597	Lees1961
597	Swift1963
598	HoijerDozier1949
598	Trager1971
599	Sat1966
599	Seglenmej1979
599	Song1982
600	Kaufman1971
601	CoateElkin1974
602	GumperzBilibiri1957
602	Pinnow1959
603	Sjoberg1963
603	Sjoberg1962
604	Ross1980
605	Nguyen1974
605	Thompson1965
606	Dixon1966a
606	Dixon1966b
607	Sawyer1965
608	Tracy1972
609	Osborn1966
610	Phillips1976
611	Garvin1950
611	Rood1975
612	McConnel1945
612	SayersGodfrey1964
613	BroadbentPitkin1964
614	Teeter1964
615	Davis1969
616	Reesink1987
617	Stokhof1979
618	ManessySauvageot1963
618	Sauvageot1965
618	Ward1963
619	Brown1988
620	Harvey1986
621	Triulzi_etal1976
622	Chao1970
623	Donaldson1980
624	Zigmond_etal1988
625	TuckerBryan1966
626	Hyman1973
626	Welmers1962
626	Welmers1973
627	Abdalla1973
628	Payne1985
629	Crumrine1961
629	Johnson1962
630	SchauerSchauer1967
631	Robinson1976
632	Haiman1980
632	Renck1967
632	Renck1975
633	Dixon1977
634	Krejnovich1958
634	Krejnovich1968b
635	SapirSwadesh1960
636	Bamgbose1966
637	WeimerWeimer1972
638	Decsy1966
638	Hajdu1963
638	Katz1975
638	Ristinen1965
638	Ristinen1968
638	Tereshchenko1966a
639	ForemanMarten1973
640	Straight1976
641	Ballard1975
641	Crawford1973
642	Chan1980
642	Chao1951
642	Chao1947
642	Cheng1973a
643	Boyeldieu1987
644	Jones1986
645	TuckerHackett1959
646	Wonderly1951
647	Doke1926
647	Doke1961
647	RycroftNgcobe1979
648	Newman1965
648	Walker1972
649	Hartell1993
649	Chanard2006
650	Hartell1993
650	Chanard2006
651	Hartell1993
651	Hartell1993
652	Chanard2006
652	Chanard2006
653	Hartell1993
653	Chanard2006
654	Hartell1993
654	Chanard2006
655	Hartell1993
655	Chanard2006
656	Hartell1993
656	Chanard2006
657	Hartell1993
657	Chanard2006
658	Hartell1993
658	Chanard2006
659	Hartell1993
659	Chanard2006
660	Hartell1993
660	Chanard2006
661	Hartell1993
661	Chanard2006
662	Hartell1993
662	Chanard2006
663	Hartell1993
663	Chanard2006
664	Hartell1993
664	Chanard2006
665	Hartell1993
665	Hartell1993
666	Chanard2006
666	Chanard2006
667	Hartell1993
667	Chanard2006
668	Hartell1993
668	Chanard2006
669	Hartell1993
669	Chanard2006
670	Hartell1993
670	Chanard2006
671	Hartell1993
671	Chanard2006
672	Hartell1993
672	Chanard2006
673	Hartell1993
673	Chanard2006
674	Hartell1993
674	Chanard2006
675	Hartell1993
675	Chanard2006
676	Hartell1993
676	Chanard2006
677	Hartell1993
677	Chanard2006
678	Hartell1993
678	Chanard2006
679	Hartell1993
679	Chanard2006
680	Hartell1993
680	Chanard2006
681	Hartell1993
681	Chanard2006
682	Hartell1993
682	Chanard2006
683	Hartell1993
683	Chanard2006
684	Hartell1993
684	Chanard2006
685	Hartell1993
685	Chanard2006
686	Hartell1993
686	Chanard2006
687	Hartell1993
687	Chanard2006
688	Hartell1993
688	Chanard2006
689	Hartell1993
689	Chanard2006
690	Hartell1993
690	Chanard2006
691	Hartell1993
691	Chanard2006
692	Hartell1993
692	Chanard2006
693	Hartell1993
693	Chanard2006
694	Hartell1993
694	Chanard2006
695	Hartell1993
695	Chanard2006
696	Hartell1993
696	Chanard2006
697	Hartell1993
697	Chanard2006
698	Hartell1993
698	Chanard2006
699	Hartell1993
699	Chanard2006
700	Hartell1993
700	Chanard2006
701	Hartell1993
701	Chanard2006
702	Hartell1993
702	Chanard2006
703	Hartell1993
703	Chanard2006
704	Hartell1993
704	Chanard2006
705	Hartell1993
705	Hartell1993
706	Hartell1993
706	Chanard2006
707	Hartell1993
707	Chanard2006
708	Hartell1993
708	Chanard2006
709	Hartell1993
709	Chanard2006
710	Hartell1993
710	Chanard2006
711	Hartell1993
711	Chanard2006
712	Hartell1993
712	Chanard2006
713	Hartell1993
713	Chanard2006
714	Hartell1993
714	Chanard2006
715	Hartell1993
715	Chanard2006
716	Hartell1993
716	Chanard2006
717	Hartell1993
717	Chanard2006
718	Hartell1993
718	Chanard2006
719	Hartell1993
719	Chanard2006
720	Hartell1993
720	Chanard2006
721	Hartell1993
721	Hartell1993
722	Chanard2006
722	Chanard2006
723	Hartell1993
723	Chanard2006
724	Hartell1993
724	Chanard2006
725	Hartell1993
725	Chanard2006
726	Hartell1993
726	Chanard2006
727	Hartell1993
727	Chanard2006
728	Hartell1993
728	Chanard2006
729	Hartell1993
729	Hartell1993
730	Chanard2006
730	Chanard2006
731	Hartell1993
731	Chanard2006
732	Hartell1993
732	Chanard2006
733	Hartell1993
733	Chanard2006
734	Hartell1993
734	Chanard2006
735	Hartell1993
735	Chanard2006
736	Chanard2006
736	Chanard2006
737	Hartell1993
737	Chanard2006
738	Hartell1993
738	Chanard2006
739	Hartell1993
739	Chanard2006
740	Hartell1993
740	Chanard2006
741	Hartell1993
741	Chanard2006
742	Hartell1993
742	Chanard2006
743	Hartell1993
743	Chanard2006
744	Hartell1993
744	Chanard2006
745	Hartell1993
745	Hartell1993
746	Chanard2006
746	Chanard2006
747	Hartell1993
747	Chanard2006
748	Hartell1993
748	Chanard2006
749	Hartell1993
749	Chanard2006
750	Hartell1993
750	Chanard2006
751	Hartell1993
751	Chanard2006
752	Hartell1993
752	Chanard2006
753	Hartell1993
753	Chanard2006
754	Hartell1993
754	Chanard2006
755	Hartell1993
755	Chanard2006
756	Hartell1993
756	Chanard2006
757	Hartell1993
757	Chanard2006
758	Hartell1993
758	Chanard2006
759	Hartell1993
759	Chanard2006
760	Hartell1993
760	Chanard2006
761	Hartell1993
761	Chanard2006
762	Hartell1993
762	Chanard2006
763	Hartell1993
763	Chanard2006
764	Hartell1993
764	Chanard2006
765	Hartell1993
765	Chanard2006
766	Hartell1993
766	Chanard2006
767	Hartell1993
767	Chanard2006
768	Hartell1993
768	Chanard2006
769	Hartell1993
769	Chanard2006
770	Hartell1993
770	Chanard2006
771	Hartell1993
771	Chanard2006
772	Hartell1993
772	Chanard2006
773	Hartell1993
773	Chanard2006
774	Hartell1993
774	Chanard2006
775	Hartell1993
775	Chanard2006
776	Hartell1993
776	Chanard2006
777	Hartell1993
777	Chanard2006
778	Hartell1993
778	Chanard2006
779	Hartell1993
779	Chanard2006
780	Hartell1993
780	Chanard2006
781	Hartell1993
781	Chanard2006
782	Hartell1993
782	Chanard2006
783	Hartell1993
783	Chanard2006
784	Hartell1993
784	Chanard2006
785	Hartell1993
785	Chanard2006
786	Hartell1993
786	Chanard2006
787	Hartell1993
787	Chanard2006
788	Hartell1993
788	Chanard2006
789	Hartell1993
789	Chanard2006
790	Hartell1993
790	Chanard2006
791	Hartell1993
791	Chanard2006
792	Hartell1993
792	Chanard2006
793	Hartell1993
793	Chanard2006
794	Hartell1993
794	Chanard2006
795	Hartell1993
795	Chanard2006
796	Hartell1993
796	Chanard2006
797	Hartell1993
797	Chanard2006
798	Hartell1993
798	Chanard2006
799	Hartell1993
799	Chanard2006
800	Hartell1993
800	Chanard2006
801	Hartell1993
801	Chanard2006
802	Hartell1993
802	Chanard2006
803	Hartell1993
803	Chanard2006
804	Hartell1993
804	Chanard2006
805	Hartell1993
805	Chanard2006
806	Hartell1993
806	Chanard2006
807	Hartell1993
807	Chanard2006
808	Hartell1993
808	Chanard2006
809	Hartell1993
809	Chanard2006
810	Hartell1993
810	Chanard2006
811	Hartell1993
811	Chanard2006
812	Hartell1993
812	Chanard2006
813	Hartell1993
813	Hartell1993
814	Chanard2006
814	Chanard2006
815	Hartell1993
815	Chanard2006
816	Hartell1993
816	Chanard2006
817	Hartell1993
817	Hartell1993
818	Chanard2006
818	Chanard2006
819	Hartell1993
819	Chanard2006
820	Hartell1993
820	Hartell1993
821	Chanard2006
821	Chanard2006
822	Hartell1993
822	Chanard2006
823	Hartell1993
823	Chanard2006
824	Hartell1993
824	Chanard2006
825	Hartell1993
825	Chanard2006
826	Hartell1993
826	Chanard2006
827	Hartell1993
827	Chanard2006
828	Hartell1993
828	Chanard2006
829	Hartell1993
829	Chanard2006
830	Hartell1993
830	Chanard2006
831	Hartell1993
831	Chanard2006
832	Hartell1993
832	Chanard2006
833	Hartell1993
833	Chanard2006
834	Hartell1993
834	Chanard2006
835	Hartell1993
835	Chanard2006
836	Hartell1993
836	Chanard2006
837	Hartell1993
837	Chanard2006
838	Hartell1993
838	Chanard2006
839	Hartell1993
839	Chanard2006
840	Hartell1993
840	Chanard2006
841	Hartell1993
841	Chanard2006
842	Hartell1993
842	Chanard2006
843	Hartell1993
843	Chanard2006
844	Hartell1993
844	Chanard2006
845	Hartell1993
845	Chanard2006
846	Hartell1993
846	Chanard2006
847	Hartell1993
847	Hartell1993
848	Chanard2006
848	Chanard2006
849	Hartell1993
849	Chanard2006
850	Hartell1993
850	Chanard2006
851	Hartell1993
851	Chanard2006
852	fwe_baumbach1997
853	yey_baumbach1997
854	cav_guillaume2004
855	ccc_parker1991
856	che_nichols1996
857	cdm_caughley1982
858	mhr_sebeok1961
859	cle_archivo1980
860	ctu_alvarez2002
861	crw_tomas1971
862	boi_wash2001
863	crd_doak1997
864	com_charney1993
865	cup_hill2005
866	cuv_ndokobai2003
867	anv_mbuagbaw1996
868	kxl_yadava2000
869	aoj_conrad1978
870	usa_bee1965
871	kpr_farr1974
872	bjr_oatridge1973
873	ego_blench2006
874	ekp_blench2006
875	enb_zwarts2003
876	ags_fointein1986
877	fan_eko1974
878	fuu_boyeldieu2000
879	gbd_sands1989
880	gby_rosendall1998
881	gvf_evans2005
882	gub_bendorsamuel1966
883	gup_oates1964
884	hay_byarushengo1977
885	wya_lagarde1980
886	hch_mchintosh1945
887	qwh_levengood1982
888	huv_archivo1983
889	qxw_wroughton1996
890	lyn_jacottet1896
891	iby_blench2005
892	imn_seiler1985
893	inh_nichols1996
894	ksi_donohue2002
895	yal_lupke2005
896	jar_lukas1961
897	jaa_vogel2003
898	tow_yumitani1998
899	mgi_blench2006
900	kab_hamouma1987
901	gid_noukeu2002
902	kyz_souza2004
903	kms_sanders1994a
904	kxo_bacelar2004
905	ndb_akeriweh2000
906	xrb_wichser1994
907	kmv_tobler1983
908	ken_mbuagbaw2000
909	khr_peterson
910	cog_ungsitipoonporn
911	kin_mpayimana2003
912	okr_blench2005
913	kkk_palmer1999
914	kme_asobo1989
915	kma_cahill1999
916	kdt_oranuch1984
917	kle_tolsma1999
918	kto_lindstrom2002
919	kgg_watters2006
920	kxv_israel1979
921	xwa_voort2004
922	lbj_koshal1979
923	lag_dunham2005
924	lao_morev1979
925	lvk_terrill1999
926	bwt_ebah1990
927	lun_kawasha2003
928	lch_fleisch2000
929	bdu_atta1993
930	mkd_friedman2002
931	mxu_blench2006
932	grg_blackings2003
933	mva_turner1986
934	bce_forku2000
935	nmm_hildebrandt2004
936	nge_swiri1998
937	mec_heath1981
938	ayz_dol1999
939	gmm_boyd1997
940	byv_nganmou1991
941	xmf_harris1991
942	bfm_bangha2003
943	mwt_veena1980
944	cas_sakel2004
945	mgg_djiafeua1989
946	mhk_nahjella1997
947	nmg_ngue2002
948	mlv_francois2001
949	nnm_feldpausch1992
950	nml_ngoran1999
951	apm_hoijer1946
952	yum_halpern1946
953	nnk_spaulding1994
954	niq_creider1989
955	kig_saowalak1993
956	mff_kum2002
957	ncl_langacker1979
958	nag_bhattacharjya2001
959	nsh_bolima1998
960	nig_baker1999
961	nam_hoddinott1988
962	igo_ngouagna1988
963	nla_voutsa2003
964	noo_davidson2002
965	kxm_phunsap1984
966	pao_thornes2003
967	kcn_wellens2003
968	nus_frank1999
969	ekm_ekambi1990
970	nym_maganga1992
971	nyl_taweeporn1998
972	ann_faraclas1984
973	mpt_loving1974
974	fai_loving1974
975	oku_yensi1996
976	oss_hettich1997
977	pau_josephs1975
978	okv_loving1977
979	yll_loving1977
980	niz_loving1977
981	dob_loving1977
982	smq_loving1977
983	uvh_loving1974
984	bzf_loving1974
985	prt_unchalee1988
986	mlf_unchalee1988
987	rma_grinevald1990
988	xmt_remijsen2002
989	run_rodegem1967
990	nyn_poletto1998
991	rwr_magier1983
992	ndi_kong2004
993	sbd_platiel1979
994	sxm_ploykaew2001
995	sae_antunes2004
996	str_montler2005
997	sas_austin1998
998	svr_anonymous1927
999	pos_clark1995
1000	sey_levinson1990
1001	trv_asal1969
1002	ssg_wozna-wilson2005
1003	sza_kruspe1999
1004	ser_hill1967
1005	sbf_teferra1991
1006	ywn_vieira2004
1007	kde_liphola2001
1008	sna_fortune1955
1009	bax_nchare2005
1010	sjr_rowe2005
1011	skr_shackle1976
1012	sjw_andrews1994
1013	skv_donohue2004
1014	thm_migliazza1998
1015	erk_thieberger2004
1016	spo_carlson1972
1017	sso_demuth1992
1018	stw_roddy2007
1019	ulw_green1999
1020	jup_epps2005
1021	zoh_johnson2000
1022	ztp_beam2004
1023	yuk_schlicter1985
1024	yap_ballantyne2005
1025	yur_robins1958
1026	yuz_gijn2006
1027	yux_maslova2003
1028	wbm_wattana1998
1029	wms_vries1992
1030	was_jacobsen1964
1031	way_silva-tavares2005
1032	woc_exter2003
1033	var_armendariz2005
1034	vai_welmers1976
1035	ukr_pugh1999
1036	phl_liljegren2008
1037	mky_bowden1997
1038	tpi_gonzalez2005
1039	bjz_farr
1040	tav_bostrom1998
1041	tgw_casimir1998
1042	mzn_mohktarian2004
1043	blk_orranat2000
1044	tft_hayami2001
1045	tob_klein1973
1046	pol_jassem2003
1047	cmn_lee2003_phon
1048	ijn_harry2003
1049	ydd_kleine2003
1050	nld_verhoeven2007
1051	mla_riehl-jauncey2005
1052	gay_eades2006
1053	jam_Harry2006_phon
1054	mcs_anonby2006
1055	arg_Mott2007_phon
1056	zts_merrill2008_phon
1057	ibb_urua2004
1058	tam_keane2004
1059	zpq_sonnenschein2004
1060	bgo_relich1973
1061	nxl_bolton1990
1062	slu_coward1990
1063	tvd_lovelace1992
1064	wos_wendal1993
1065	blr_block1994
1066	txx_dillon1994
1067	bod_cha1995
1068	ruk_wilson1996
1069	tol_bommelyn1997
1070	pae_reeder1998
1071	cho_broadwell
1072	crg_rosen2007
1073	plg_vidal2001
1074	yuc_linn2001
1075	bwi_granadillo2006
1076	ktn_everett2006
1077	esi_nagai2006
1078	zab_lillehaugen2006
1079	tzo_shklovsky2005
1080	sid_kawachi2007
1081	bdr_miller2007
1082	cid_jany2007
1083	tee_kung2007
1084	ute_oberly2008
1085	duo_robinson2008
1086	ton_feldman1978
1087	lmw_callaghan1963
1088	lzz_anderson1963
1089	jun_matson1964
1090	adn_haan2001
1091	ael_nganganu2001
1092	apu_facundes2000
1093	ace_asyik1987
1094	aig_farquhar1974
1095	akl_chai1971
1096	arh_frank1985
1097	arr_gabas1999
1098	ayl_elfitoury1976
1099	bbc_percival1964
1100	bci_timyan1977
1101	bfw_fernandez1968
1102	biw_begne1979
1103	bla_tayler1969
1104	bll_einaudi1974
1105	bzj_greene1993
1106	cku_kimball1985
1107	coo_harris1981
1108	cso_foris1993
1109	diq_todd1985
1110	ets_elimelech1976
1111	frr_lasswell1998
1112	gju_losey2002
1113	gvc_stenzel2004
1114	hum_takizala1974
1115	hur_galloway1977
1116	hus_wedemeyer1988
1117	ilo_rubino1997
1118	kbc_sandalo1995
1119	kub_koops1990
1120	kwi_curnow1997
1121	lis_roop1970
1122	los_hamel1985
1123	mbe_pharris2006
1124	mcf_fleck2003
1125	mni_chelliah1992
1126	mnk_drame1981
1127	moc_grondona1998
1128	mam_godfrey1981
1129	myu_picanco2005
1130	ncg_tarpent1987
1131	nds_mierau1965
1132	pmq_berthiaume2003
1133	par_mclaughlin1987
1134	pcm_faraclas1989
1135	pej_oconnor1987
1136	poq_reilly2002
1137	kca_filchenko2007
1138	cat_carbonell1992
1139	hrv_landau-loncaric1995
1140	ces_dankovicova1997
1141	glg_reguiera1996
1142	kbp_padayodi2008
1143	mnh_olson2004
1144	ind_soderberg2008_phon
1145	ita_rogers2004
1146	qxl_masaquiz2008
1147	sei_marlett_etal2005
1148	snd_nihalani1995
1149	slv_sustarsic-komar1995
1150	swe_engstrand1990
1151	mky_bowden-hajek1996
1152	khc_donohue1994
1153	pib_sebastian-marlett2008
1154	quc_larsen1988
1155	qvh_weber1983
1156	qum_barrett1999
1157	qug_beukema1975
1158	tpt_watters1988
1159	abt_wilson1973
1160	aau_lock1990
1161	ahg_hetzron1969
1162	ahk_panadda1993
1163	aly_yallop1977
1164	amn_minch1992
1165	anu_reh1996
1166	jbj_voorhoeve1985
1167	aon_fortune1942
1168	tcb_holton2000
1169	avt_scorza1985
1170	tpz_loving1975
1171	pex_loving1975
1172	ptp_loving1975
1173	kcl_loving1975
1174	sgz_loving1975
1175	awx_quigley2003
1176	azo_azieshi1994
1177	kmn_feldman1986
1178	bbw_nashipu2005
1179	bbk_akumbu1999
1180	bkh_edika1990
1181	muo_kouonang1983
1182	bvm_ngeloh2002
1183	bgj_mbah2003
1184	bnm_kouankem2003
1185	bch_gallagher2005
1186	bby_gueche2004
1187	dbj_goudswaard2005
1188	bem_kula2002
1189	brc_kouwenberg1994
1190	xub_coelho2003
1191	bhw_heuvel2006
1192	nbj_nordlinger1990
1193	bhg_wilson2002
1194	bwq_sanou1978
1195	bol_gimba2000
1196	bot_abessolo1990
1197	bwo_bhattacharya1977
1198	bkk_ramaswami1982
1199	bsp_ganong1998
1200	bbx_fiensong1993
1201	bxk_mutonyi2000
1202	sbs_baumbach1997
1203	ttl_baumbach1997
1204	bmo_ayafor2002
1205	mrq_zewen1987
1206	oon_dasgupta1982
1207	plo_zavala2000
1208	jya_jacques2004
1209	suq_bryant1999
1210	blb_obata2003
1211	hoa_davis2003
1212	fil_cubar1994
1213	nxg_djawanai1983
1214	mnb_vandenberg1989
1215	xxk_baird2002
1216	thm_nuchanart1998
1217	skf_galucio2001_o
1218	tiw_osborne1974
1219	trw_lunsford2001
1220	tdh_lahaussois2002
1221	tsj_andvik1999
1222	cof_dickinson2002
1223	tzj_dayley1985
1224	pww_naruemon1995
1225	tyv_harrison2000
1226	kfk_nigam1971
1227	wtm_gusain2003
1228	aty_lynch2000
1229	atb_wannemacher1998
1230	cic_gordon-etal2001
1231	fur_miotti2002
1232	apj_tuttle2002
1233	ega_connell2002
1234	fub_stennes1967
1235	are_anderson2000
1236	xsu_borgman1990
1237	pav_everett1997
1238	cro_kaschube1967
1239	boi_chumash1970
1240	lee_frajzyngier2001
1241	1241_adamawa_taylor1953
1242	1242_agni_ahua2004_s
1243	1243_agni_ahua2004_s
1244	1244_agni_quaireau1987_o
1245	1245_aka_dolphyne1988
1246	1246_chakosi_stanford1970
1247	1247_babole
1248	1248_bana_hofmann1990_o
1249	1249_kresh_aja
1250	1250_kresh_aja
1251	1251_bila
1252	1252_busa
1253	1253_fulfulde_bickoe2000_o
1254	1254_fulfulde_mcintosh1984_o
1255	1255_herero
1256	1256_Herington_etal2009-TanagriPhonology
1257	1257_khq
1258	1258_kpa
1259	1259_lega
1260	1260_limbum_bah2004_o
1261	1261_limbum_bah2004_o
1262	1262_limbum_bah2004_o
1263	1263_mye
1264	1264_ncam_badie1995_o
1265	1265_nen
1266	1266_rufiji
1267	1267_rufiji
1268	1268_western-savanna
1269	1269_western-savanna
1270	1270_western-savanna
1271	1271_western-savanna
1272	1272_western-savanna
1273	1273_snk-1
1274	1274_songhay_heath1999
1275	1275_lele_frajzyngier
1276	1276_kck_mathangwane
1277	1277_lol_hulstaert
1278	1278_wok_longto
1279	1279_gbe_capo
1280	1280_gbe_capo
1281	1281_gbe_capo
1282	1282_gbe_capo
1283	1283_jmc_kiwoso
1284	1284_mda_price
1285	1285_mfo_bamgbose
1286	1286_nwe_dunstan
1287	1287_jow_carlson
1288	1288_yba_armstrong
1289	1289_mgr_bickmore
1290	1290_kcv_muzenga
1291	1291_kws_forges
1292	1292_snm_blackingsfabb
1293	1293_tucker
1294	1294_tucker
1295	1295_aft_voogt
1296	1296_avatime_schuh
1297	1297_abn
1298	1298_any
1299	1299_dgh
1300	1300_afo
1301	1301_fuv
1302	1302_acd
1303	1303_ayg
1304	1304_hbb
1305	1305_kwl
1306	1306_kye
1307	1307_krm
1308	1308_banda_sampson
1309	1309_dib
1310	1310_foodo
1311	1311_joola_huluf
1312	1312_jumjum
1313	1313_Kurmuk
1314	1314_Lulubo
1315	1315_Maay
1316	1316_Mabaan
1317	1317_nizaa
1318	1318_zone-s
1319	1319_zone-s
1320	1320_akp
1321	1321_bun
1322	1322_buy
1323	1323_cpn
1324	1324_fap
1325	1325_gur
1326	1326_lip
1327	1327_maw
1328	1328_Bostoen_Bantu_M
1329	1329_pbp
1330	1330_snw
1331	1331_tiv
1332	1332_byn
1333	1333_agaw
1334	1334_lik
1335	1335_yns
1336	1336_buu
1337	1337_khy
1338	1338_lej
1339	1339_kbo
1340	1340_won
1341	1341_wlc
1342	1342_afar
1343	1343_kebi
1344	1344_kebi
1345	1345_kebi
1346	1346_kebi
1347	1347_kebi
1348	1348_kebi
1349	1349_myf
1350	1350_tir
1351	1351_kdj
1352	1352_gwn
1353	1353_gwn
1354	1354_gwn
1355	1355_gwn
1356	1356_gwn
1357	1357_gwn
1358	1358_avi
1359	1359_shk
1360	1360_hgm
1361	1361_pip
1362	1362_gax-hdy
1363	1363_gax-hdy
1364	1364_wal
1365	1365_njx
1366	1366_otuho
1367	1367_myx
1368	1368_hig
1369	1369_mzj
1370	1370_say
1371	1371_nzb
1372	1372_dsq
1373	1373_ktb
1374	1374_otr
1375	1375_otr
1376	1376_nmi
1377	1377_fli
1378	1378_mcw
1379	1379_nmn
1380	1380_kib
1381	1381_kki
1382	1382_oks
1383	1383_xuu
1384	1384_bbj
1385	1385_afn
1386	1386_tkq
1387	1387_sgc
1388	1388_pbr
1389	1389_hoo
1390	1390_bwu
1391	1391_bjt
1392	1392_now
1393	1393_dan_santa
1394	1394_pko
1395	1395_afr
1396	1396_hertzon
1397	1397_hertzon
1398	1398_din
1399	1399_tano
1400	1400_tano
1401	1401_hna
1402	1402_bhs
1403	1403_langermann
1403	1403_xed
1404	1404_langermann
1405	1405_ikw
1406	1406_kot
1407	1407_gmm
1408	1408_mqb
1409	1409_mlw
1410	1410_muy
1411	1411_jgo
1412	1412_dmo
1413	1413_ntm
1414	1414_stv
1415	1415_weh
1416	1416_kadugli_krongo
1417	1417_kadugli_krongo
1418	1418_kadugli_krongo
1419	1419_kadugli_krongo
1420	1420_kadugli_krongo
1421	1421_kadugli_krongo
1422	1422_kadugli_krongo
1423	1423_kadugli_krongo
1424	1424_mgc
1425	1425_luc
1426	1426_keg
1427	1427_talodi
1428	1428_talodi
1429	1429_talodi
1430	1430_talodi
1431	1431_did
1432	1432_lwoian
1433	1433_lwoian
1434	1434_lwoian
1435	1435_viri
1436	1436_viri
1437	1437_bde
1438	1438_fpe
1439	1439_jit
1440	1440_dim
1441	1441_lto
1442	1442_djm
1443	1443_kam
1444	1444_ksf
1445	1445_laj
1446	1446_lks_donohew
1446	1446_lks
1447	1447_nuj
1448	1448_wmw
1449	1449_xkv
1450	1450_boz
1451	1451_alw
1452	1452_deg
1453	1453_bsc
1454	1454_pre
1455	1455_nko
1456	1456_gunan_gurage
1457	1457_gunan_gurage
1458	1458_gunan_gurage
1459	1459_gunan_gurage
1460	1460_gunan_gurage
1461	1461_gunan_gurage
1462	1462_gunan_gurage
1463	1463_gunan_gurage
1464	1464_gunan_gurage
1465	1465_gunan_gurage
1466	1466_gunan_gurage
1467	1467_gunan_gurage
1468	1468_dnn
1469	1469_bmi
1470	1470_niy
1471	1471_ndh
1472	1472_mym
1473	1473_nsg
1474	1474_myb
1475	1475_sese
1476	1476_soo
1477	1477_bench
1478	1478_gimira
1479	1479_bench
1480	1480_zay
1481	1481_gamo
1482	1482_kqy
1483	1483_aiw
1484	1484_omotic_bender
1485	1485_omotic_bender
1486	1486_omotic_bender
1487	1487_omotic_bender
1488	1488_mdm
1489	1489_lsm
1490	1490_nnw
1491	1491_nbl
1492	1492_sxw
1493	1493_laarim_stirtz
1494	1494_bjg
1495	1495_doy
1496	1496_beledugu_bam
1497	1497_hbn
1498	1498_kga
1499	1499_shw
1500	1500_ttb
1501	1501_wambo
1502	1502_wambo
1503	1503_wambo
1504	1504_wambo
1505	1505_wambo
1506	1506_wambo
1507	1507_wambo
1508	1508_xon_naware
1509	1509_zag
1510	1510_zwa
1511	1511_zmx
1512	1512_bbo_new
1513	1513_bez_Morrison
1514	1514_kpelle_guinea
1515	1515_kke_russian
1516	1516_Lele_vydrine
1517	1517_looma_mandenkan
1518	1518_mev
1519	1519_ross_kyanga
1520	1520_ross_kyanga
1521	1521_abu
1522	1522_abb
1523	1523_afu
1524	1524_agq_hyman
1525	1525_arv
1526	1526_abi_tresbarats
1527	1527_adj_herault
1528	1528_ahi
1529	1529_ald_duponchel
1530	1530_ahs_tinor
1531	1531_zdj_patin
1532	1532_akpes
1533	1533_etx
1534	1534_fwrightmathesis
1535	1535_gel
1536	1536_idu
1537	1537_iri
1538	1538_izr
1539	1539_jer_eboze
1540	1540_agb_hyman
1541	1541_logba
1542	1542_awngi_2010
1543	1543_Glavda_Morphology
1544	1544_uwu_ahan
1545	1545_uwu_ahan
1546	1546_ronga
1547	1547_Comorian-inventories
1548	1548_biv
1549	1549_cwt
1550	1550_ati
1551	1551_aoa
1552	1552_hae
1553	1553_pov
1554	1554_manenguba
1555	1555_manenguba
1556	1556_manenguba
1557	1557_manenguba
1558	1558_manenguba
1559	1559_manenguba
1560	1560_manenguba
1561	1561_lir
1562	1562_ggu
1563	1563_eto
1564	1564_rcf
1565	1565_mls
1566	1566_cri
1567	1567_tan
1568	1568_suk
1569	1569_mfe
1570	1570_krio_nylander
1571	1571_ktu
1572	1572_akasilimi_baasaal_podi
1573	1573_bag
1574	1574_BakaOrthography
1575	1575_bmv
1576	1576_dbq_lienhard
1577	1577_gou
1578	1578_gde_menetrey
1579	1579_lno
1580	1580_igo_gblem_ahl
1581	1581_kako_ernst1992_o
1582	1582_knp
1583	1583_Mambila_CAM
1584	1584_meq
1585	1585_mfi
1586	1586_mijikenda
1587	1587_mijikenda
1588	1588_mijikenda
1589	1589_mijikenda
1590	1590_mijikenda
1591	1591_mijikenda
1592	1592_mijikenda
1593	1593_mijikenda
1594	1594_mijikenda
1595	1595_mlr
1596	1596_mmu
1597	1597_mpi
1598	1598_mif
1599	1599_mtk
1600	1600_ncr
1601	1601_nfu
1602	1602_njy
1603	1603_Manessy_bwamu_box
1604	1604_Leger_kwami_ktf
1605	1605_Benoit_gouro_goa
1606	1606_Veiga_cap-vert_kea
1607	1607_Elders_kulango_nku
1608	1608_Sava_tsamakko_tsb
1609	1609_Hdouch_tzm
1610	1610_Walker_siz
1611	1611_Edelsten_ndj
1612	1612_Lovestrand_bva
1613	1613_Lovestrand_bva
1614	1614_Lovestrand_bva
1615	1615_Lovestrand_bva
1616	1616_Stirtz_tbi
1617	1617_Good_fungom
1618	1618_Good_fungom
1619	1619_Good_fungom
1620	1620_Good_fungom
1621	1621_Good_fungom
1622	1622_Kastenholz_knk
1623	1623_Boyeldieu_boua
1624	1624_Lukas_gis
1625	1625_Mbah_mgo
1626	1626_Neg_bri
1627	1627_Haas_sif
1628	1628_Anderson_nnh
1629	1629_Patman_yas
1630	1630_Eyoh_nza
1631	1631_Hoskins_orc
1632	1632_Mbah_pny
1633	1633_Njoya_pnz
1634	1634_Reid_atu
1635	1635_Kinnaird_udl
1636	1636_Vorbichler_les
1637	1637_Bearth_neb
1638	1638_Sewangi_gwe
1639	1639_Kahigi_suw
1640	1640_Rubanza_zin
1641	1641_Rubanza_mer
1642	1642_Kahigi_hka
1643	1643_Rubagumya_han
1644	1644_Mrikaria_old
1645	1645_Mreta_ssc
1646	1646_Massamba_kya
1647	1647_Martin_www
1648	1648_1997_kossmann_berber_phonology
1649	1649_Boyeldieu_boua
1650	1650_sef_tangari
1651	1651_flr_vanotterloo
1652	1652_sandawe_2008
1653	1653_tvd_blench
1654	1654_Watters_1981_Dissertation
1655	1655_ybb_1991
1656	1656_bfj_koopman
1657	1657_bji_Amborn
1658	1658_blo_morton
1659	1659_fip_kwa
1660	1660_naw_casali
1661	1661_myo_yigezu
1662	1662_nto_mangulu
1663	1663_xtc_schadeberg
1664	1664_uiv_foster
1665	1665_btx_KaroBatak1
1666	1666_tgl_Himmelmann
1667	1667_ssb_Jun
1668	1668_kqr_Kroeger
1669	1669_beg_Clynes
1670	1670_ilo_Rubino
1671	1671_cjm_Thurgood
1672	1672_mkm_Larish
1673	1673_mkm_Larish
1674	1674_nia_Brown
1675	1675_jav_Ogloblin
1676	1676_blf_Zubol
1677	1677_mak_Jukes
1678	1678_xma_Mead
1679	1679_xbr_Klamer
1680	1680_tet_Engelenhoven
1681	1681_tet_Engelenhoven
1682	1682_mky_Bowden
1683	1683_bhw_Steinhauer
1684	1684_abs_Paauw
1685	1685_abs_Paauw
1686	1686_abs_Paauw
1687	1687_abs_Paauw
1688	1688_abs_Paauw
1689	1689_abs_Paauw
1690	1690_idn_Snedden
1691	1691_mad_Davies
1692	1692_Garry_Rubino
1693	1693_Garry_Rubino
1694	1694_Garry_Rubino
1695	1695_Garry_Rubino
1696	1696_Garry_Rubino
1697	1697_Garry_Rubino
1698	1698_Garry_Rubino
1699	1699_Garry_Rubino
1700	1700_Tengger
1701	Natarajan1985
1702	Manoharan1989
1703	Ravindran1974
1704	Gurubasave1972
1705	Abraham1985
1706	Goswami1978
1707	Saksena1971
1708	Swaminathan1972
1709	Rangan1975
1710	Upadhyay1975
1711	Bhattacharya1988
1712	Kulkarni1976
1713	Ramaswami1992
1714	Bhat1968
1715	Ramaswami1976
1716	Jaiswal1962
1717	Sharma1989
1718	KaptoND
1719	Sharma1989
1720	Ashirvadam1992
1721	Sharma1988
1722	DasGupta1963
1723	Barling1961
1724	Sharma1979
1725	Nair1979
1726	GnanasundaramND
1727	Chila1972
1728	Ohala1983
1729	RamaswamiND
1730	Perialwar1970
1731	Satish1990
1732	Matson1964
1733	Chauhan1992
1734	Upadhyaya1972
1735	Srinivasa1978
1736	Jeyapaul1987
1737	Pillai1978
1738	Handoo1973
1739	Natanasabapathy1976
1740	Biligiri1965
1741	Nagaraja1990
1742	Kapfo1992
1743	Balakrishnan1976
1744	Emeneau1961
1745	Krishnamurthy1969
1746	Bhaskararao1980
1747	Katre1966
1748	Bhat1971
1748	Shetty1978
1749	Zide1960
1750	Subbiah1986
1751	Rao1979
1752	Gopabandhu1981
1753	Sharma1985
1754	Ekka1985
1755	Reddy1974
1756	Koshal1976
1757	Trail1970
1758	Sinha1966
1759	Acharya1975
1760	Weidert1975
1761	Davis1984
1762	Syamala1972
1763	Das1973
1764	Singh1975
1765	Giridhar1994
1766	Kelkar1958
1766	Berntsen1975
1767	Sastry1984
1768	Prasad1991
1769	Kosha1989
1770	Sinha1974
1770	Osada1992
1771	Krishnamoorthy1984
1772	Srivastava1962
1773	Das1977
1774	Bhattacharya1956
1775	Pattanayak1966
1775	Pattanayak1972
1776	GiridharND
1777	Burrow1953
1778	Sharma1982
1779	Burrow1970
1780	Dulai1980
1781	Fernandez1969
1782	Sukumar1971
1783	Suryakumari1991
1784	Sreedhar1976
1785	Rajapurohit1983
1786	Kubchandani1963
1787	Ramamurti1931
1788	RamaswamiND
1789	Arokianathan1980
1790	Bandyoppadhyay1980
1791	Venkateswara1972
1792	Thirumalai1972
1793	Saktivel1976
1794	Karapurkar1972
1795	Bhat1967
1796	Mohanlal1991
1797	Hasan1980
1798	Srinivasa1970
1799	Mallikarjun1982
1800	Srinivasa1976
1801	1801_Aguilera2001
1801	1801_Viegas2005
1802	1802_Viegas2005
1803	1803_Melendez2000
1803	1803_Wilsonetal1992
1804	1804_Facundes2000
1805	1805_Pet1988
1806	1806_Dirks1953
1806	1806_Kindberg1980
1807	1807_Payneetal1982
1808	1808_Mihas2010
1809	1809_Payne1982
1810	1810_Garciasalazar1997
1811	1811_Ramirez2001
1812	1812_Mosonyi2000
1813	1813_Aikhenvald1995
1814	1814_Ramirez2001
1815	1815_Swift1988
1816	1816_Parker1991
1817	1817_Granadillo2006
1818	1818_Rezende2003
1819	1819_Faustetal2002
1820	1820_Desouza2007
1821	1821_Dossantossilva2008
1822	1822_Michael2011
1823	1823_Corbera2012
1824	1824_Corberamori2008
1824	1824_Michael2008
1825	1825_Shaver1996
1826	1826_Launey2003
1827	1827_Patte1989
1828	1828_Dasilva2009
1829	1829_Mosonyi2000
1830	1830_Allin1976
1831	1831_Aikhenvald2003
1832	1832_Silva2008
1832	1832_Martins2009
1833	1833_Ferreira
1833	1833_Dossantos2006
1834	1834_Aikhenvald1998
1835	1835_Richards1977
1836	1836_Mansen2000
1836	1836_Mansen1972
1836	1836_Adelaar2004
1837	1837_Ramirez1992
1838	1838_Fast1953
1838	1838_Duff-Tripp1998
1839	1839_Mosonyi2000
1840	1840_Mujica1992
1841	1841_Sebastianetal2008
1842	1842_Schaueretal2000
1843	1843_Danielsen2007
1844	1844_Ottetal1967
1845	1845_Moranetal1977
1845	1845_Koop1988
1845	1845_Dixon2004
1846	1846_Ladefogedetal1997
1846	1846_Dixon2004
1847	1847_Dixon2004
1847	1847_Vogel1993
1848	1848_Adamsetal1976
1848	1848_Dixon2004
1849	1849_Chapmanetal1991
1849	1849_Dixon2004
1850	1850_Suzuki1997
1851	1851_Apaza2007
1852	1852_Hardman1966
1853	1853_Calvache2000
1854	1854_Floyd2010
1855	1855_Branks1973
1855	1855_Long1985
1855	1855_Vasquez2000
1856	1856_Moore1972
1856	1856_Moore1962
1856	1856_Curnowetal1998
1857	1857_Weberetal2001
1857	1857_Parker2000
1857	1857_Parker2001
1858	1858_Seifart2005
1859	1859_Waltonetal2000
1859	1859_Waltonetal1972
1860	1860_ValenzuelaGussenhoven2013
1861	1861_Barraza2005
1861	1861_Hartetal1976
1862	1862_Meira1998
1863	1863_Koehnetal1971
1864	1864_Ferreiraalvez2010
1865	1865_Meira2005
1866	1866_Meira2005
1867	1867_Renault-Lescure2009
1868	1868_Alvarez2003
1869	1869_Courtz2008
1870	1870_Robayomorenoetal2001
1871	1871_Derbyshire1985
1871	1871_Derbyshire1999
1872	1872_Pacheco2007
1873	1873_Souzacruz2005
1874	1874_Oquendo2004
1875	1875_Wallace1977
1876	1876_Meira2005
1877	1877_Abbott1991
1877	1877_Carson1981
1878	1878_Matteimuller2003
1879	1879_Caceres2007
1880	1880_Halletal1988
1881	1881_Pessoa2005
1881	1881_Cruz1995
1882	1881_Pessoa2006
1882	1882_Tuggy1989
1882	1882_Edwards1978
1882	1882_Pessoa2006
1883	1883_Matteimuller2003
1884	1884_Meira1999
1884	1884_Meira1998
1885	1885_Bruno2003
1886	1886_Hawkins1998
1886	1886_Derbyshire1999
1887	1887_Tavares2006
1888	1888_Matteimuller2003
1889	1889_Popky1999
1889	1889_BirchhallNULL
1890	1890_Everett1997
1891	1891_Landaburu2000
1892	1892_Mogollon2000
1893	1893_Adelaar2004
1894	1894_Malone2006
1895	1895_FischerNULL
1896	1896_Gawthorneetal1984
1897	1897_Adelaaretal2004
1898	1898_Amaya2000
1898	1898_Frank1993
1899	1899_Headland1997
1900	1900_Fonnegra2000
1901	1901_Adelaaretal2004
1902	1902_Mortensen1994
1903	1903_Aguirre-Licht1998
1904	1904_Hoyosbenitez2000
1905	1905_Harms1984
1905	1905_Harms1994
1906	1906_Adelaar2004
1907	1907_Viegas2005
1908	1908_Adelaaretal2004
1909	1909_Vallejos2010
1910	1910_Merchangalindo2000
1911	1911_Kondoetal1972
1911	1911_Kondo1984
1911	1911_Ardila2000
1912	1912_Keels1985
1912	1912_Tobar2000
1913	1913_Lobo-Guerrero2000
1914	1914_Najilis1966
1915	1915_Sandalo1997
1916	1916_Coriaetal2006
1916	1916_Grondona1998
1917	1917_Vidal2001
1918	1918_Klein1978
1919	1919_Messineo1988
1920	1920_Tripp1995
1921	1921_Alexander-Bakkerus2005
1922	1922_Lanaburu2000
1923	1923_Lev2012
1924	1924_Adelaaretal2004
1924	1924_Howard1972
1925	1925_Tuggy1981
1925	1925_Tuggy1992
1925	1925_Tuggy1966
1925	1925_Payne1981
1926	1926_Aikhenvaldetal1999
1927	1927_Meader1967
1928	1928_Crevels2002
1929	1929_Vandekerke2009
1930	1930_Viegasbarros2001
1931	1931_Stark1972
1932	1932_Haude2006
1933	1933_Lev_etal2013
1934	1934_Rojas1998
1935	1935_Giron2007
1936	1936_Alicea1975
1937	1937_Montesrodriguez2005
1938	1938_Tobar2000
1939	1939_Guiardello1999
1940	1940_Olawsky2006
1941	1941_Viegasbarros2001
1942	1942_Saintetal1962
1943	1943_Romero-Figueroa1997
1944	1944_Adelaaretal2004
1945	1945_Vangijn2006
1946	1946_Fast1975
1947	1947_Overall2007
1948	1948_Beasleyetal1957
1948	1948_Payne1981
1948	1948_Jackway1987
1949	1949_Adelaaretal2004
1949	1949_Overall2009
1950	1950_Bolanos2010
1951	1951_Mahecha2000
1952	1952_Dosanjos2011
1953	1953_Albuquerque2007
1953	1953_Oliveira2005
1954	1954_Arikapu2010
1955	1955_Nonato2008
1956	1956_Amadoetal2007
1957	1957_Sans2010
1958	1958_Amado2004
1959	1959_Postigo2009
1960	1960_Ribeiroetal2010
1961	1961_Neto2007
1962	1962_Ribeiro2001
1963	1963_Salanovaetal2011
1964	1964_Popjesetal1990
1964	1964_Popjesetal2009
1965	1965_Pessoa2012
1965	1965_Seki2000
1965	1965_Seki2004
1965	1965_Silva1985
1966	1966_Alves2004
1967	1967_Campos2009
1967	1967_Pereira1992
1968	1968_Oliveira2006
1969	1969_Dourado2001
1970	1970_Ferreira2003
1971	1971_Neto2007
1972	1972_Silva2005
1973	1973_Guedes1993
1974	1974_Camargo2010
1975	1975_Lima1995
1976	1976_Quintino2000
1976	1976_Deoliveira2007
1977	1977_Desouza2008
1977	1977_Desousa2007
1977	1977_Demattos1973
1978	1978_Gakran2005
1979	1979_Dasilva2011
1980	1980_Cavalcante1987
1981	1981_Gerzenstein1983
1981	1981_Gerzenstein1978
1982	1982_Gerzenstein1994
1983	1983_Campbell2007
1984	1984_Avram2008
1985	1985_Adelaaretal2004
1986	1986_Sakel2011
1987	1987_Sakel2011
1988	1988_Sakel2011
1989	1989_Everett1979
1989	1989_Everett1983
1990	1990_Martins2004
1991	1991_Epps2008
1992	1992_Barbosa2005
1993	1993_Martins2005
1994	1994_Tellesetal2011
1995	1995_Tellesetal2011
1996	1996_Eberhard2009
1997	1997_Antunesdearaujo2004
1998	1998_Osborn1948
1999	1999_Desouza2012
2000	2000_Elias-Ulloa2009
2001	2001_Zariquiey2011
2002	2002_Prost1967
2003	2003_Kensinger1963
2004	2004_Deaguiar1994
2004	2004_Barros1987
2005	2005_Sousa2004
2006	2006_Deoliveira2009
2007	2007_Ferreira2005
2008	2008_Fleck2003
2009	2009_Gomes2009
2009	2009_Okidoi2004
2010	2010_Gomes2010
2011	2011_Paula1992
2012	2012_Couto2010
2013	2013_Candido2004
2014	2014_Pike1962
2015	2015_Elias-Ulloa2010
2016	2016_Faust2002
2017	2017_Cruvinel2009
2018	2018_Anonymous2001
2019	2019_Pena2009
2020	2020_Liclan1990
2021	2021_Julca2009
2022	2022_Quesada2006
2023	2023_Chaparro1985
2024	2024_Parker2007
2025	2025_Taylor1982
2025	2025_Escribenstrisano1977
2026	2026_Changetal2010
2027	2027_Levinsohnetal2000
2028	2028_Mafflabilbao1976
2029	2029_Wroughton1996
2030	2030_Adelaar1977
2031	2031_Adelaar1977
2032	2032_Sotoruiz1976
2033	2033_Billsetal1969
2034	2034_Weber1989
2035	2035_Julca2009
2036	2036_Doherty2007
2036	2036_Coombsetal1976
2037	2037_Adelaaretal2004
2038	2038_Alderetes2001
2039	2039_Zariquiey2004
2040	2040_Changomasaquizaetal2008
2041	2041_Orretal1981
2042	2042_Mosonyi2000
2043	2043_Estradaramirez2000
2043	2043_Estradaramirez1996
2044	2044_Pitman1981
2045	2045_Guillaume2008
2046	2046_Vuillermet2006
2047	2047_Chavarria2012
2048	2048_Guillaume2012
2049	2049_Ottavianoetal1965
2050	2050_Gomez-Imbert1998
2050	2050_Jonesetal2009
2051	2051_Chacon2012
2051	2051_Morseetal1999
2051	2051_Fergusonetal2000
2052	2052_Silva2007
2053	2053_Waltzetal1972
2053	2053_Waltzetal1997
2053	2053_Waltzetal2000
2054	2054_Metzgeretal1973
2055	2055_Cooketal2001
2055	2055_Cooketal1993
2056	2056_Smothermonetal1995
2057	2057_Lev_etalNULL
2058	2058_Klumppetal1973
2059	2059_Johnsoneta1990
2060	2060_Wheeler2000
2060	2060_ChaconNULL
2061	2061_Criswelletal2000
2062	2062_Ardila2000
2063	2063_Gomez-Imbert1980
2063	2063_Whisleretal1976
2064	2064_Welchetal2000
2065	2065_Barnesetal1976
2066	2066_Stolteetal1976
2067	2067_Kinchetal2000
2068	2068_Roessler2008
2069	2069_Aragonetal2005
2070	2070_Sampaio1998
2071	2071_Padua2007
2072	2072_Alves2008
2073	2073_Nicholson1982
2073	2073_Nicholson1978
2073	2073_Pereira2009
2074	2074_Nicholson2009
2075	2075_Borges2006
2076	2076_Drude2011
2077	2077_Dietrich1986
2078	2078_Dietrich1986
2079	2079_Rose2003
2080	2080_Moore1984
2081	2081_Nascimento2008
2081	2081_Magalhaes2002
2081	2081_Magalhaes2007
2082	2082_Bendor-Samuel1972
2082	2082_Nascimento-2008
2083	2083_Dooley2006
2083	2083_Martins2003
2083	2083_Dooley2008
2084	2084_Walker1999
2084	2084_Krivosheindecanese2000
2085	2085_Ureyu2003
2086	2086_Abrahamsonetal1984
2087	2087_Fargetti1992
2088	2088_Garcialopes2009
2089	2089_Cardoso2008
2089	2089_Bridgeman1961
2090	2090_Seki2000
2091	2091_Everett2007
2091	2091_Storto1999
2092	2092_Gabas1998
2093	2093_Souza2004
2094	2094_Mendesjunior2007
2095	2095_Braga1992
2096	2096_Picanco2005
2097	2097_Moore1993
2098	2098_Ohaganetal2010
2099	2099_Cardoso2008
2100	2100_daSilva2003
2101	2101_Moore1993
2102	2102_daSilva2005
2103	2103_Meer1982
2104	2104_Gonzalez2005
2105	2105_Praca2007
2106	2106_Duarte2003
2107	2107_Sampaio1998
2108	2108_Alves2004
2109	2109_Moore1993
2110	2110_Sampaio1998
2111	2111_Jensen1984
2112	2112_Jensen1984
2113	2113_Vasconcelos2008
2114	2114_Rodrigues1995
2115	2115_Cabral2009
2116	2116_Priestetal1985
2116	2116_Priest1967
2117	2117_Villafane2004
2118	2118_Vandevoort2010
2119	2119_Rocha2010
2120	2120_Vileradiaz1985
2121	2121_Bacelar2004
2122	2122_Dequeiroz2012
2122	2122_Dequeiroz2008
2123	2123_Adelaaretal2004
2124	2124_Voort2000
2124	2124_Vandervoort2004
2125	2125_Mosonyi2000
2126	2126_Olson1967
2127	2127_Muysken2000
2128	2128_Minoretal1976
2129	2129_Petersenetal2000
2130	2130_Echeverri2012
2131	2131_Agnew1957
2131	2131_Hockett1959
2132	2132_Gomez1990
2133	2133_Borgman1990
2134	2134_Migliazza1972
2135	2135_Aikhenvald1999
2136	2136_Huntington2012
2137	2137_Bertinetto2009
2138	2138_Peeke1959
2139	2139_LevWautersBeierNULL
2139	2139_Rich1999
2139	2139_Rich1963
2140	2140_Michael2009
2141	2141_LevWautersBeierNULL
2141	2141_Wise2005
2142	2142_Costa2003
2142	2142_Costa2007
2143	2143_Gonzalezdeperez2000
2144	2144_Viegas2005
2145	2145_Buettner1983
2146	2146_FerreiraNULL
2147	2147_FerreiraNULL
2147	2147_Ramirez1999
2148	2148_FerreiraNULL
2149	2149_FerreiraNULL
2149	2149_Ramirez1994a
2150	2150_FerreiraNULL
2151	2151_FerreiraNULL
2151	2151_Lizot1996
2152	2152_Tallman2012
2153	2153_Hildebrandt1958
2154	2154_Meira2003
2154	2154_Oquendo2004
2155	2155_RoseNULL
