InventoryID	BibtexKey	Source
1	Cho1967	spa
1	Martin1951	spa
1	Martin1954	spa
1	MartinLee1969	spa
1	Kim1968	spa
1	Kim1972	spa
2	Dulzon1968	spa
2	Krejnovich1968	spa
3	Murkelinskij1967	spa
3	Zhirkov1955	spa
3	Khajdakov1966	spa
4	Kuipers1960	spa
5	RobinsWaterson1952	spa
5	Selmer1935	spa
5	Tschenkeli1958	spa
5	Vogt1938	spa
5	Vogt1939	spa
5	Vogt1958	spa
5	Vogt1971	spa
6	Morgenstierne1945	spa
7	Pinnow1964	spa
7	Pfeiffer1972	spa
7	Grignard1924	spa
8	Lisker1963	spa
8	Krishnamurti1961	spa
8	Kelley1963	spa
9	Emeneau1944	spa
10	GumperzBilibiri1957	spa
11	Biligiri1965	spa
11	Pinnow1959	spa
12	Rabel1961	spa
13	Smith1968	spa
14	Huffman1970a	spa
14	Jacob1968	spa
14	Huffman1970b	spa
15	Thompson1965	spa
16	Dow1972	spa
16	Chao1968	spa
16	Cheng1973b	spa
16	Karlgren1926	spa
17	Chao1970	spa
18	Hashimoto1973	spa
19	Cheng1973a	spa
20	Purnell1965	spa
21	Ray1967	spa
22	Okell1969	spa
23	Matisoff1973	spa
24	Burling1961	spa
25	Jones1961	spa
26	Haudricourt1967	spa
27	Abramson1962	spa
27	Kruatrachue1960	spa
27	Noss1954	spa
27	Noss1964	spa
28	Gedney1965	spa
29	Blood1967	spa
30	Egerod1966	spa
31	Dahl1952	spa
31	Dyen1971	spa
32	Verguin1967	spa
32	MacdonaldSoenyono1967	spa
33	vanderTuuk1971	spa
34	Clayre1973	spa
35	VanSyoc1959	spa
35	Anderson1972	spa
35	Robins1953	spa
35	Robins1957	spa
36	Uhlenbeck1949	spa
36	Uhlenbeck1963	spa
37	SchachterOtanes1972	spa
37	Bloomfield1917	spa
38	Topping1973	spa
39	Tryon1968	spa
39	Haudricourt1971	spa
40	Counts1969	spa
41	Holzknecht1973	spa
42	Hohepa1967	spa
42	WilliamsWilliams1965	spa
42	Biggs1961	spa
43	PukuiElbert1965	spa
44	Douglas1955	spa
44	Douglas1964	spa
45	OGrady1964	spa
46	Sommer1969	spa
46	Capell1967	spa
47	Tryon1970	spa
48	CapellHinch1970	spa
49	HughesLeeding1971	spa
50	Sharpe1972	spa
51	SayersGodfrey1964	spa
52	Cowan1965	spa
53	Kooyers_etal1971	spa
54	Voorhoeve1965	spa
55	Healey1964	spa
56	FrantzFrantz1966	spa
57	Bees1965	spa
58	Pence1966	spa
59	McElhanon1970a	spa
60	HurdHurd1966	spa
61	Bergsland1956	spa
61	Bergsland1959	spa
61	Menovshchikov1968	spa
61	Jakobson1944	spa
62	Thalbitzer1904	spa
62	Rischel1974	spa
62	Kleinschmidt1851	spa
63	Li1946	spa
63	Li1932	spa
63	Li1933	spa
64	Bright1964	spa
65	Golla1970	spa
65	Woodward1964	spa
66	SapirHoijer1967	spa
67	Sapir1923	spa
68	Kuipers1967	spa
69	Snyder1968	spa
70	SapirMorris1939	spa
70	SapirMorris1955	spa
70	Jacobsen1969	spa
71	Boas1947	spa
71	Newman1950	spa
72	Bloomfield1957	spa
73	Voegelin1946	spa
74	Garvin1950	spa
75	BoasDeloria1941	spa
76	Chafe1967	spa
77	Lounsbury1953	spa
78	Crawford1973	spa
78	Ballard1975	spa
79	Rand1968	spa
80	Haas1941	spa
81	Aoki1970	spa
81	Aoki1970a	spa
81	Aoki1966	spa
82	Shipley1956	spa
82	Shipley1964	spa
83	Wonderly1951	spa
84	Aschmann1946	spa
85	Keller1959	spa
86	Kaufman1971	spa
87	Foster1969	spa
88	Bright1957	spa
89	Moshinsky1974	spa
90	Langdon1970	spa
91	Newman1965	spa
92	Trager1971	spa
93	HoijerDozier1949	spa
94	Malecot1963	spa
94	KroeberGrace1960	spa
94	Bright1965	spa
94	Bright1968	spa
95	Whorf1946	spa
95	Voegelin1956	spa
96	Hale1959	spa
96	Saxton1963	spa
97	BlightEunice1976	spa
98	Spotts1953	spa
98	Pike1951	spa
99	PikePike1947	spa
100	HunterPike1969	spa
101	LindskoogBrend1962	spa
102	Gerdel1973	spa
103	LiccardiGrimes1968	spa
104	Bills_etal1969	spa
104	Lastra1968	spa
104	Lastra1968	spa
104	Parker1969	spa
105	Hardman1966	spa
106	EcheverriaContreras1965	spa
107	Taylor1955	spa
108	Tracy1972	spa
109	Holmer1949	spa
110	Dirks1953	spa
111	OttOtt1967	spa
112	Fast1953	spa
113	BeasleyPike1957	spa
114	StolteStolte1971	spa
115	Anderson1959	spa
115	Anderson1962	spa
116	Peasgood1972	spa
116	Hoff1968	spa
117	AgnewPike1957	spa
118	Priest1968	spa
119	GregoresSuarez1967	spa
119	Lunt1973	spa
119	Uldall1956	spa
120	Osborn1948	spa
121	Prost1967	spa
122	BurgessHam1968	spa
123	Applegate1958	spa
124	KraftKraft1973	spa
124	Greenberg1941	spa
124	Abraham1959a	spa
124	Abraham1959	spa
124	Kraft1963	spa
124	Hodge1947	spa
124	HodgeUmaru1963	spa
124	BraunerAshiwajn1965	spa
124	KraftKirk-Greene1973	spa
125	Burquest1971	spa
126	Hoffmann1963	spa
127	Armstrong1964	spa
127	Andrzejewsky1955	spa
127	Andrzejewsky1956	spa
128	Hetzron1969	spa
129	Whiteley1958	spa
130	Palmer1962	spa
131	Leslau1968	spa
131	Klingenheben1966	spa
131	Sumner1957	spa
132	Mitchell1962	spa
132	Tomiche1964	spa
132	Kennedy1960	spa
133	Harrell1962	spa
133	Abdel-Massih1973	spa
133	Harrell1965	spa
134	Borg1973	spa
135	Chayen1973	spa
135	CohenZafrani1968	spa
136	Stevenson1957	spa
136	TuckerBryan1966	spa
137	Welmers1962	spa
137	Welmers1973	spa
138	Sauvageot1965	spa
138	ManessySauvageot1963	spa
138	Ward1963	spa
139	WilsonBendor-Samuel1969	spa
140	Ladefoged1964	spa
140	SchachterFromkin1968	spa
140	Stewart1967	spa
140	Welmers1946	spa
141	Berry1951a	spa
142	Stahlke1970	spa
142	Berry1951	spa
142	Ansre1961	spa
142	Ladefoged1964	spa
143	Williamson1969	spa
143	Carnochan1948	spa
143	Swift_etal1962	spa
143	Ladefoged1968	spa
143	Ward1936	spa
144	Jacquot1962	spa
145	Polome1967	spa
146	Horton1949	spa
147	Doke1926	spa
147	Doke1961	spa
148	Samarin1966	spa
149	Prost1956	spa
150	Lukas1937	spa
151	Crazzolara1960	spa
151	TuckerBryan1966	spa
152	Bell1971	spa
153	Gregersen1961	spa
154	TuckerMpaayei1955	spa
154	TuckerBryan1966	spa
155	Beach1938	spa
156	Fhailigh1968	spa
156	Florence1970	spa
157	Ternes1970	spa
158	Haugen1958	spa
158	Einarsson1949	spa
159	Vanvik1972	spa
159	Vanvik1972a	spa
160	OConner1973	spa
160	Gimson1962	spa
160	Halle1973	spa
160	Fudge1975	spa
160	Trnka1968	spa
161	Moulton1962	spa
161	Philipp1974	spa
161	Werner1972	spa
162	Sten1963	spa
163	Head1964	spa
163	Camara1972	spa
164	Navarro1961	spa
164	Harris1969	spa
164	SaportaContreras1962	spa
165	Agard1958	spa
165	Ruhlen1973	spa
166	JonesWard1969	spa
166	Halle1959	spa
167	Aronson1968	spa
167	Klagstad1958	spa
168	Senn1966	spa
168	Augustitis1964	spa
168	Ambrazas_etal1966	spa
169	Newmark1957	spa
170	Householder_etal1964	spa
170	Newton1972	spa
170	Kaisse1975	spa
170	Kaisse1976	spa
171	Allen1950	spa
172	Obolensky_etal1963	spa
173	Shafeev1964	spa
174	KelkarTrisal1964	spa
175	GillGleason1963	spa
176	Kelkar1968	spa
176	VermeerSharma1966	spa
176	Pinnow1953	spa
176	Srivastava1969	spa
177	FergusonChowdhury1960	spa
178	CoatesSilva1960	spa
179	Ndiaye1970	spa
179	Gavel1929	spa
180	Lehtinen1964	spa
180	Harms1964	spa
180	Austerlitz1967	spa
180	Hammarberg1974	spa
180	Kiparsky1968	spa
180	Harms1966	spa
181	Ristinen1960	spa
182	Lytkin1966	spa
182	Bubrich1949	spa
183	Kalman1972	spa
183	Banhidi_etal1965	spa
183	Hall1938	spa
183	Hall1944	spa
184	Gulya1966	spa
184	Steinitz1950	spa
184	Katz1975	spa
185	Hajdu1963	spa
185	Decsy1966	spa
185	Ristinen1965	spa
185	Ristinen1968	spa
185	Katz1975	spa
186	Swift1963	spa
186	Lees1961	spa
186	Underhill1976	spa
187	HouseholderLofti1965	spa
188	HerbertPoppe1963	spa
189	Kruger1961	spa
189	Andreev1966	spa
190	Krueger1962	spa
190	Bohtlingk1964	spa
191	Hangin1968	spa
191	Luvsanvandan1964	spa
191	Street1963	spa
192	Novikova1960	spa
193	Krejnovich1968b	spa
193	Krejnovich1958	spa
194	Panfilov1962	spa
194	Panfilov1968	spa
195	Skorik1968	spa
195	Skorik1961	spa
196	Simeon1969	spa
197	Bloch1950	spa
197	Martin1952	spa
197	Jorden1963	spa
198	Bouny1977	upsid
199	Olmsted1964	upsid
199	Olmsted1966	upsid
200	Holzknecht1973	upsid
201	NO SOURCE GIVEN	upsid
202	Roberts1987	upsid
203	Huisman1973	upsid
203	Huisman_etal1981	upsid
203	HuismanLloyd1981	upsid
204	Hyman1979	upsid
205	Herault1971	upsid
206	Kari1979	upsid
206	KariBuck1975	upsid
207	Patrie1982	upsid
207	Simeon1969	upsid
208	Dolphyne1988	upsid
208	Ladefoged1964	upsid
208	SchachterFromkin1968	upsid
208	Stewart1967	upsid
208	Welmers1946	upsid
209	Edwards1978	upsid
210	Rand1968	upsid
211	Clairis1977	upsid
212	Duponchel1971	upsid
212	DumestreDuponchel1971	upsid
213	Bergsland1956	upsid
213	Bergsland1959	upsid
213	Jakobson1944	upsid
213	Menovshchikov1968	upsid
214	Sharpe1972	upsid
215	Newmark1957	upsid
216	Osborn1948	upsid
217	Fast1953	upsid
217	Wise1958	upsid
218	Lydall1976	upsid
219	Klingenheben1966	upsid
219	Leslau1968	upsid
219	Sumner1957	upsid
220	Anderson1980	upsid
220	Di-Luzio1972	upsid
221	Bruce1984	upsid
222	Bauernschmidt1965	upsid
222	Longacre1966	upsid
223	Burquest1971	upsid
224	Landaburu1979	upsid
225	Douglas1955	upsid
225	Douglas1964	upsid
226	BurgessHam1968	upsid
227	Brown1914	upsid
227	VoegelinVoegelin1966	upsid
228	Kodzasov1977	upsid
229	Rich1963	upsid
230	EcheverriaContreras1965	upsid
230	Key1978	upsid
231	Kennedy1960	upsid
231	Mitchell1962	upsid
231	Tomiche1964	upsid
232	SaintPike1962	upsid
233	Charachidze1981	upsid
233	Zhirkov1936	upsid
234	Hetzron1969	upsid
235	Najlis1966	upsid
236	HouseholderLofti1965	upsid
237	Poppe1964	upsid
238	Bird_etal1977	upsid
239	StolteStolte1971	upsid
240	Welmers1952	upsid
241	vanderTuuk1971	upsid
242	Desheriev1953	upsid
243	leBrisProst1981	upsid
243	Morse1976	upsid
244	Dell1981	upsid
245	Metcalfe1971	upsid
246	Cook1969a	upsid
247	Verheijen1986	upsid
248	Cunningham1969	upsid
249	Hudson1974	upsid
249	Hudson1976	upsid
250	FergusonChowdhury1960	upsid
251	Jacquot1962	upsid
251	Jacquot1981	upsid
252	WerleGbalehi1976	upsid
253	Naden1973b	upsid
253	Naden1973	upsid
254	Wheatley1973	upsid
254	Wheatley1969	upsid
255	Nater1984	upsid
255	Newman1947	upsid
256	WaltonWalton1967	upsid
257	Bouquiaux1970	upsid
257	Wolff1959	upsid
258	Crowell1979	upsid
259	Keller1976	upsid
260	Bothorel1982	upsid
260	Ternes1970	upsid
261	De-Armond1975	upsid
261	Emeneau1937	upsid
261	Emeneau1962	upsid
262	Thongkum1979	upsid
263	Bhat1968	upsid
264	Morgenstierne1945	upsid
265	Aronson1968	upsid
265	Bidwell1968	upsid
265	Klagstad1958	upsid
265	Scatton1984	upsid
266	GlasgowGlasgow1967	upsid
267	ParkerParker1974	upsid
268	Arroyo1972	upsid
269	Chafe1976	upsid
270	Stell1972	upsid
271	Das1977	upsid
272	Hoff1968	upsid
272	Peasgood1972	upsid
273	LindskoogBrend1962	upsid
274	Diffloth1984	upsid
274	Thongkum1984	upsid
275	Anderton1989	upsid
275	Cathcart1979	upsid
276	Jiahua1960	upsid
277	Costenoble1940	upsid
277	Seiden1960	upsid
277	Topping1969	upsid
277	Topping1973	upsid
278	Li1932	upsid
278	Li1933	upsid
278	Li1946	upsid
279	Robbins1968	upsid
279	Robbins1975	upsid
279	Robbins1961	upsid
280	BenderBender1946	upsid
280	Walker1975	upsid
280	Cook1979	upsid
281	Kruger1961	upsid
282	Blood1967	upsid
283	Kinkade1963	upsid
284	Thurman1970	upsid
285	Skorik1961	upsid
285	Skorik1968	upsid
286	Chao1968	upsid
286	Cheng1973b	upsid
286	Dow1972	upsid
286	Jiahua1960	upsid
286	Karlgren1926	upsid
286	Hanyu1960	upsid
287	Liang1984	upsid
287	Liang1984b	upsid
287	OuyangZheng1980	upsid
287	OuyangZheng1963	upsid
288	Dirks1953	upsid
288	Payne1981	upsid
289	Borman1962	upsid
290	Santos1977	upsid
291	Wang1985	upsid
291	Wang1983	upsid
291	Purnell1972	upsid
292	Taylor1955	upsid
293	Henderson1965	upsid
294	Pride1965	upsid
295	Salser1971	upsid
296	Key1961	upsid
297	Fedry1977	upsid
298	BearthZemp1967	upsid
299	WilsonBendor-Samuel1969	upsid
300	Thelwall1981	upsid
300	TuckerBryan1966	upsid
301	Tucker_etal1977	upsid
301	Nurse1986	upsid
302	Ray1967	upsid
303	Dixon1972	upsid
304	Moulton1962	upsid
304	Wangler1972	upsid
305	Austin1981	upsid
306	Langdon1970	upsid
307	Andersen1987	upsid
307	Malou1988	upsid
308	Bromley1961	upsid
308	vanderStap1966	upsid
309	GuoqiaoYang1988	upsid
310	Wiering1974	upsid
311	Li1973	upsid
311	Li1977-dru	upsid
312	Anonymous1982	upsid
313	Bendor-Samuel_etal1989	upsid
313	Morphy1983	upsid
314	RoseMorphy1982	upsid
315	Sapir1965	upsid
316	Cook1969b	upsid
317	Doble1962	upsid
317	Doble1987	upsid
317	Steltenpool1969	upsid
318	Householder_etal1964	upsid
318	Newton1972	upsid
318	Pring1967	upsid
319	Krauss1975	upsid
320	Watters1981	upsid
321	Gavel1929	upsid
321	Ndiaye1970	upsid
322	Novikova1960	upsid
323	Ladefoged1964	upsid
323	Stahlke1970	upsid
323	Berry1951	upsid
324	Abega1970	upsid
324	NnomoMbezele1982	upsid
324	Redden1979	upsid
325	Krauss1965	upsid
326	LoewekeMay1964	upsid
327	Bell1968	upsid
327	Bell1971	upsid
327	Stevenson1957	upsid
328	Dixon1988	upsid
329	Austerlitz1967	upsid
329	Hammarberg1974	upsid
329	Harms1964	upsid
329	Harms1966	upsid
329	Lehtinen1964	upsid
330	Hyman1972	upsid
331	Sten1963	upsid
332	Lapenda1968	upsid
333	Beaton1968	upsid
333	TuckerTucker1966	upsid
334	Li1977	upsid
335	Berry1951a	upsid
336	FrantzFrantz1966	upsid
337	Furby1974	upsid
338	MoninoRoulon1972	upsid
338	Samarin1966	upsid
339	HymanMagaji1970	upsid
340	He1983	upsid
340	He1981	upsid
341	Avrorin1968	upsid
342	Fhailigh1968	upsid
342	Sommerfelt1964	upsid
342	Brothers1905	upsid
343	Allan1976a	upsid
344	Holmer1949	upsid
344	Mansen1967	upsid
345	GregoresSuarez1967	upsid
345	Lunt1973	upsid
345	Uldall1956	upsid
346	KondoKondo1967	upsid
347	BranksBranks1973	upsid
347	Caudmont1964	upsid
348	Susnik1974	upsid
349	Oates1964	upsid
349	OatesOates1964	upsid
349	Wurm1972a	upsid
350	Hashimoto1973	upsid
351	Abraham1934	upsid
351	Abraham1959	upsid
351	Abraham1959a	upsid
351	BraunerAshiwajn1965	upsid
351	Greenberg1941	upsid
351	Hodge1947	upsid
351	HodgeUmaru1963	upsid
351	Kraft1963	upsid
351	KraftKirk-Greene1973	upsid
351	KraftKraft1973	upsid
351	Taylor1959	upsid
352	PukuiElbert1965	upsid
352	ElbertPukui1979	upsid
352	Schutz1981	upsid
353	Sapir1923	upsid
354	Kelkar1968	upsid
354	Ohala1983	upsid
354	Pinnow1953	upsid
354	Srivastava1969	upsid
354	VermeerSharma1966	upsid
355	Derbyshire1985	upsid
356	KluckhohnMacLeish1955	upsid
356	Voegelin1956	upsid
356	Whorf1946	upsid
357	DempwolffND	upsid
357	TuckerMpaayei1955	upsid
358	Banhidi_etal1965	upsid
358	Hall1938	upsid
358	Hall1944	upsid
358	Kalman1972	upsid
359	Golla1970	upsid
359	Woodward1964	upsid
360	LarsenPike1949	upsid
360	Ochoa-Peralta1984	upsid
361	Stairs_etal1981	upsid
361	Suarez1975	upsid
362	Allen1950	upsid
363	Haudricourt1971	upsid
363	Ozanne-Rivierre1976	upsid
363	Tryon1968	upsid
364	Kuala1981	upsid
364	Scott1957	upsid
365	Carnochan1948	upsid
365	Ladefoged1964	upsid
365	Ladefoged1976	upsid
365	Swift_etal1962	upsid
365	Ward1936	upsid
365	Williamson1969	upsid
366	OttOtt1967	upsid
367	Williamson1965	upsid
368	Heine1975b	upsid
369	Voorhoeve1989	upsid
370	Whiteley1958	upsid
371	Meader1967	upsid
372	Donwa1982	upsid
373	Volodin1976	upsid
374	LiccardiGrimes1968	upsid
375	Mao_etal1982	upsid
375	Purnell1965	upsid
376	CottleCottle1958	upsid
376	HeyeHeye1967	upsid
376	HidalgoHidalgo1971	upsid
377	Laycock1965	upsid
378	Craig1977	upsid
378	Day1973	upsid
379	HuttarKirton1981	upsid
379	Kirton1967	upsid
379	KirtonCharlie1978	upsid
380	Fagan1988	upsid
380	Horne1961	upsid
380	Herrfurth1964	upsid
380	Uhlenbeck1963	upsid
381	Bendor-Samuel1961	upsid
382	FlemingDennis1977	upsid
383	BeasleyPike1957	upsid
384	Bloch1950	upsid
384	Jorden1963	upsid
384	Martin1952	upsid
384	Shibatani1990	upsid
385	Hardman1966	upsid
385	Hardman1983	upsid
386	DurbinSeijas1972	upsid
387	Liu1964	upsid
388	Kleinschmidt1851	upsid
388	Rischel1974	upsid
388	Thalbitzer1904	upsid
389	Bhat1987	upsid
389	KelkarTrisal1964	upsid
389	Zakharin1974	upsid
389	ZakharinEdelman1971	upsid
390	Neisser1953	upsid
390	RobinsWaterson1952	upsid
390	Selmer1935	upsid
390	Tschenkeli1958	upsid
390	Vogt1938	upsid
390	Vogt1958	upsid
390	Vogt1971	upsid
391	Kuipers1960	upsid
392	Howard1976	upsid
392	Howard1972	upsid
392	Mongui1981	upsid
393	Dutton1969	upsid
394	Fleming1976	upsid
395	Voorhoeve1971	upsid
396	Gulya1966	upsid
396	Katz1975	upsid
396	Steinitz1950	upsid
397	Freeze1975	upsid
397	Haeseriju1966	upsid
398	Ebert1976	upsid
398	Ebert1979	upsid
399	Dulzon1968	upsid
399	Krejnovich1968	upsid
400	Emeneau1944	upsid
401	Tyler1969	upsid
402	Henry1935	upsid
402	Kindell1972	upsid
402	Wiesemann1972	upsid
403	Rabel1961	upsid
404	Li1964	upsid
405	Hangin1968	upsid
405	Luvsanvandan1964	upsid
405	Street1963	upsid
405	Svantesson1985	upsid
406	Counts1969	upsid
407	Ehrman1972	upsid
407	Huffman1970a	upsid
407	Huffman1970b	upsid
407	Jacob1968	upsid
408	Biligiri1965	upsid
408	Pinnow1959	upsid
409	Sivertsen1956	upsid
409	WatkinsMcKenzie1984	upsid
409	Harrington1928	upsid
410	HerbertPoppe1963	upsid
410	Junusaliev1966	upsid
411	Wurm1977	upsid
412	Svantesson1983	upsid
413	Miller1966	upsid
414	FranklinFranklin1962	upsid
415	Paulian1975	upsid
416	Barker1964	upsid
417	Singler1979	upsid
418	Kooyers_etal1971	upsid
419	AbdullaMcCarus1967	upsid
420	Newman1974	upsid
421	Awobuluyi1971	upsid
421	Hutchison1981	upsid
421	Lukas1937	upsid
422	Gajendragadkar1970	upsid
422	Madtha1984	upsid
422	Major1979	upsid
423	Cho1967	upsid
423	Kim1972	upsid
423	Kim1986	upsid
423	Martin1951	upsid
423	Martin1954	upsid
423	MartinLee1969	upsid
424	Shimizu1971	upsid
425	Manley1972	upsid
426	Bubrix1949	upsid
426	Lytkin1966	upsid
427	Zhukova1980	upsid
428	Montgomery1970	upsid
429	Pfeiffer1972	upsid
429	Pinnow1964	upsid
430	Jones1961	upsid
431	Blake1979	upsid
432	Snyman1970	upsid
432	Snyman1975	upsid
433	TuckerBryan1966	upsid
434	Pence1966	upsid
435	Sherzer1983	upsid
436	Keesing1985	upsid
437	Boas1911	upsid
437	Boas1947	upsid
437	Grubb1977	upsid
437	Newman1950	upsid
438	Bright1957	upsid
439	Haudricourt1967	upsid
440	Khajdakov1966	upsid
440	Murkelinskij1967	upsid
440	Zhirkov1955	upsid
441	Hofftmann1971	upsid
442	Anderson1986	upsid
442	Crazzolara1960	upsid
442	TuckerBryan1966	upsid
443	Matisoff1973	upsid
444	Ambrazas_etal1966	upsid
444	Augustitis1964	upsid
444	Senn1966	upsid
445	BoasDeloria1941	upsid
446	Sachnine1982	upsid
447	Bright1965	upsid
447	Bright1968	upsid
447	Hyde1971	upsid
447	KroeberGrace1960	upsid
447	Malecot1963	upsid
448	Gregersen1961	upsid
449	Snyder1968	upsid
450	Jamieson1976	upsid
450	Jamieson1976b	upsid
450	PikePike1947	upsid
451	TuckerBryan1966	upsid
451	TuckerMpaayei1955	upsid
452	Pike1951	upsid
452	Spotts1953	upsid
453	Gudschinsky_etal1970	upsid
454	PerrinHill1969	upsid
455	Hagege1970	upsid
456	TuckerBryan1966	upsid
457	Allan1976b	upsid
458	Pasch1986	upsid
459	Weiers1971	upsid
460	Ristinen1960	upsid
461	HunterPike1969	upsid
462	Todaeva1973	upsid
463	Austin1962	upsid
464	Laycock1978	upsid
465	BlackBlack1971	upsid
465	Schadeberg1981a	upsid
466	Birk1975	upsid
466	Tryon1974	upsid
467	CapellHinch1970	upsid
468	MacDonald1973	upsid
469	Voorhoeve1982	upsid
469	Watuseke1976	upsid
470	Hoffmann1963	upsid
470	Maddieson1987	upsid
471	McKaughan1958	upsid
471	McKaughanMacaraya1967	upsid
472	Crawford1963	upsid
472	SchoenhalsSchoenhals1965	upsid
473	Arensen1982	upsid
473	TurtonBender1976	upsid
474	StreetMollinjin1981	upsid
475	Kennedy1981	upsid
475	Wurm1972a	upsid
476	Okell1969	upsid
477	Everett1982	upsid
477	Rodrigues1980	upsid
477	Sheldon1974	upsid
478	Shimizu1983	upsid
479	JudyJudy1962	upsid
480	Price1976	upsid
481	Jiahua1960	upsid
482	Beach1938	upsid
482	LadefogedTraill1980	upsid
483	HurdHurd1966	upsid
484	SapirHoijer1967	upsid
485	Bradley1975	upsid
485	Jiang1980	upsid
486	Brockway1963	upsid
486	Law1955	upsid
486	SchumannGarcia1966	upsid
487	Gueye1986	upsid
488	Bandhu_etal1971	upsid
489	HaleHale1969	upsid
489	Manandhar1986	upsid
490	Aoki1966	upsid
490	Aoki1970	upsid
490	Aoki1970a	upsid
491	Schuh1972	upsid
492	Hyman1981	upsid
493	Boyeldieu1985	upsid
494	Castren1966	upsid
494	Tereshchenko1966b	upsid
494	Tereshchenko1979	upsid
495	Anceaux1965	upsid
496	Austerlitz1956	upsid
496	Krejnovich1937	upsid
496	Panfilov1962	upsid
496	Panfilov1968	upsid
496	ZinderMatusevich1937	upsid
497	Gurubasave-Gowda1972	upsid
497	Gurubasave-Gowda1975	upsid
498	Shipley1956	upsid
498	Shipley1964	upsid
499	Vanvik1972	upsid
500	Jacobsen1969	upsid
500	SapirMorris1939	upsid
500	SapirMorris1955	upsid
501	Bender1968	upsid
501	Thompson1976	upsid
502	Li1977	upsid
503	HughesLeeding1971	upsid
504	Stevenson1957	upsid
504	TuckerBryan1966	upsid
505	Heine1975a	upsid
506	AgnewPike1957	upsid
507	Williamson1972	upsid
507	Williamson1970	upsid
508	Bloomfield1957	upsid
509	Hale1959	upsid
509	Saxton1963	upsid
510	Efimov1986	upsid
511	Watson1964	upsid
512	Holt1986	upsid
513	Gerdel1973	upsid
514	Cauty1974	upsid
514	Cauty1974b	upsid
514	Cauty1978	upsid
515	Gedney1965	upsid
516	Obolensky_etal1963	upsid
517	Dahl1952	upsid
517	Dyen1971	upsid
518	Moshinsky1974	upsid
519	Rehg1981	upsid
519	Rehg1984	upsid
519	Rehg1984a	upsid
520	Diffloth1980	upsid
520	MaddiesonLadefoged1985	upsid
520	QiuNie1980	upsid
521	Grjunberg1987	upsid
521	Penzl1955	upsid
521	Shafeev1964	upsid
522	Ferrel1982	upsid
522	Ho1977	upsid
523	Cooke_etal1976	upsid
524	Bills_etal1969	upsid
524	Lastra1968	upsid
524	Parker1969	upsid
525	Powell1975	upsid
526	Allin1976	upsid
527	Agard1958	upsid
527	Tataru1978	upsid
527	Ruhlen1973	upsid
528	Firchow1969	upsid
529	Bluhme1970	upsid
529	Davis1974	upsid
530	Halle1959	upsid
530	JonesWard1969	upsid
531	Dzhejranishvili1967	upsid
531	Ibragimov1978	upsid
532	Dempwolff1916	upsid
532	Elderkin1982	upsid
532	Tucker_etal1977	upsid
533	Samarin1967a	upsid
533	Samarin1967b	upsid
534	Bohtlingk1964	upsid
534	Krueger1962	upsid
534	Ubrjatova1966	upsid
535	Smith1968	upsid
536	Chafe1967	upsid
537	Welmers1950	upsid
538	Katz1975a	upsid
539	Prost1956	upsid
539	Williamson1967	upsid
540	Cowan1965	upsid
541	MigliazzaGrimes1961	upsid
542	Applegate1958	upsid
543	Kuipers1974	upsid
544	Silver1964	upsid
545	CoatesSilva1960	upsid
546	Harms1984	upsid
546	Harms1985	upsid
547	Broadbent1964	upsid
547	Freeland1951	upsid
548	Benaissa1979	upsid
549	Hasselbrink1965	upsid
549	Kert1971	upsid
550	WheelerWheeler1962	upsid
551	Clayre1973	upsid
552	Andrzejewsky1955	upsid
552	Andrzejewsky1956	upsid
552	Armstrong1964	upsid
552	Cardona1981	upsid
552	Farnetani1981	upsid
553	Harris1969	upsid
553	Navarro1961	upsid
553	SaportaContreras1962	upsid
554	McElhanon1970a	upsid
554	McElhanon1970b	upsid
555	Johnstone1975	upsid
555	Leslau1938	upsid
556	Priest1968	upsid
557	Wurm1972b	upsid
558	Wilson1969	upsid
559	Todd1975	upsid
560	Li1948	upsid
561	Mazaudon1973	upsid
562	Egerod1966	upsid
563	Hanke1956	upsid
564	TuckerBryan1966	upsid
565	Anderson1962	upsid
565	Anderson1959	upsid
566	Bhat1967	upsid
567	Gerzenstein1968	upsid
568	Kelley1963	upsid
568	Kostic_etal1977	upsid
568	Krishnamurti1961	upsid
568	Lisker1963	upsid
568	Sastry1972	upsid
569	Dalby1966	upsid
569	Wilson1961	upsid
570	TuckerBryan1966	upsid
571	Morris1984	upsid
572	Beaumont1979	upsid
573	Bloomfield1917	upsid
573	SchachterOtanes1972	upsid
574	Abramson1962	upsid
574	Haas1956	upsid
574	Haas1964	upsid
574	Kruatrachue1960	upsid
574	Noss1954	upsid
574	Noss1964	upsid
575	Prasse1972	upsid
576	Klingenheben1966	upsid
576	Palmer1962	upsid
577	Osborne1974	upsid
577	Lee1983	upsid
577	Lee1984	upsid
578	Post1966	upsid
578	Schlegel1971	upsid
579	StoryNaish1973	upsid
579	Swanton1909	upsid
579	Swanton1911	upsid
580	Schadeberg1981b	upsid
581	TuckerBryan1966	upsid
582	Voorhoeve1965	upsid
583	Key1968	upsid
583	Van-Wynen1962	upsid
584	Lynch1978	upsid
585	Aschmann1946	upsid
586	Bergman_etal1969	upsid
587	Suarez1983	upsid
588	Trumai1975	upsid
589	Brown1973	upsid
590	Hoijer1946	upsid
590	Hoijer1949	upsid
590	Hoijer1972	upsid
591	Garbell1965	upsid
592	Dunn1978	upsid
592	Dunn1979	upsid
592	Hoard1978	upsid
592	Mulder1988	upsid
593	Tung1964	upsid
594	Foster1969	upsid
594	Friedrich1975	upsid
595	Newman1970	upsid
596	Haas1941	upsid
597	Lees1961	upsid
597	Swift1963	upsid
598	HoijerDozier1949	upsid
598	Trager1971	upsid
599	Sat1966	upsid
599	Seglenmej1979	upsid
599	Song1982	upsid
600	Kaufman1971	upsid
601	CoateElkin1974	upsid
602	GumperzBilibiri1957	upsid
602	Pinnow1959	upsid
603	Sjoberg1963	upsid
603	Sjoberg1962	upsid
604	Ross1980	upsid
605	Nguyen1974	upsid
605	Thompson1965	upsid
606	Dixon1966a	upsid
606	Dixon1966b	upsid
607	Sawyer1965	upsid
608	Tracy1972	upsid
609	Osborn1966	upsid
610	Phillips1976	upsid
611	Garvin1950	upsid
611	Rood1975	upsid
612	McConnel1945	upsid
612	SayersGodfrey1964	upsid
613	BroadbentPitkin1964	upsid
614	Teeter1964	upsid
615	Davis1969	upsid
616	Reesink1987	upsid
617	Stokhof1979	upsid
618	ManessySauvageot1963	upsid
618	Sauvageot1965	upsid
618	Ward1963	upsid
619	Brown1988	upsid
620	Harvey1986	upsid
621	Triulzi_etal1976	upsid
622	Chao1970	upsid
623	Donaldson1980	upsid
624	Zigmond_etal1988	upsid
625	TuckerBryan1966	upsid
626	Hyman1973	upsid
626	Welmers1962	upsid
626	Welmers1973	upsid
627	Abdalla1973	upsid
628	Payne1985	upsid
629	Crumrine1961	upsid
629	Johnson1962	upsid
630	SchauerSchauer1967	upsid
631	Robinson1976	upsid
632	Haiman1980	upsid
632	Renck1967	upsid
632	Renck1975	upsid
633	Dixon1977	upsid
634	Krejnovich1958	upsid
634	Krejnovich1968b	upsid
635	SapirSwadesh1960	upsid
636	Bamgbose1966	upsid
637	WeimerWeimer1972	upsid
638	Decsy1966	upsid
638	Hajdu1963	upsid
638	Katz1975	upsid
638	Ristinen1965	upsid
638	Ristinen1968	upsid
638	Tereshchenko1966a	upsid
639	ForemanMarten1973	upsid
640	Straight1976	upsid
641	Ballard1975	upsid
641	Crawford1973	upsid
642	Chan1980	upsid
642	Chao1951	upsid
642	Chao1947	upsid
642	Cheng1973a	upsid
643	Boyeldieu1987	upsid
644	Jones1986	upsid
645	TuckerHackett1959	upsid
646	Wonderly1951	upsid
647	Doke1926	upsid
647	Doke1961	upsid
647	RycroftNgcobe1979	upsid
648	Newman1965	upsid
648	Walker1972	upsid
649	Hartell1993	aa
649	Chanard2006	aa
650	Hartell1993	aa
650	Chanard2006	aa
651	Hartell1993	aa
651	Hartell1993	aa
652	Chanard2006	aa
652	Chanard2006	aa
653	Hartell1993	aa
653	Chanard2006	aa
654	Hartell1993	aa
654	Chanard2006	aa
655	Hartell1993	aa
655	Chanard2006	aa
656	Hartell1993	aa
656	Chanard2006	aa
657	Hartell1993	aa
657	Chanard2006	aa
658	Hartell1993	aa
658	Chanard2006	aa
659	Hartell1993	aa
659	Chanard2006	aa
660	Hartell1993	aa
660	Chanard2006	aa
661	Hartell1993	aa
661	Chanard2006	aa
662	Hartell1993	aa
662	Chanard2006	aa
663	Hartell1993	aa
663	Chanard2006	aa
664	Hartell1993	aa
664	Chanard2006	aa
665	Hartell1993	aa
665	Hartell1993	aa
666	Chanard2006	aa
666	Chanard2006	aa
667	Hartell1993	aa
667	Chanard2006	aa
668	Hartell1993	aa
668	Chanard2006	aa
669	Hartell1993	aa
669	Chanard2006	aa
670	Hartell1993	aa
670	Chanard2006	aa
671	Hartell1993	aa
671	Chanard2006	aa
672	Hartell1993	aa
672	Chanard2006	aa
673	Hartell1993	aa
673	Chanard2006	aa
674	Hartell1993	aa
674	Chanard2006	aa
675	Hartell1993	aa
675	Chanard2006	aa
676	Hartell1993	aa
676	Chanard2006	aa
677	Hartell1993	aa
677	Chanard2006	aa
678	Hartell1993	aa
678	Chanard2006	aa
679	Hartell1993	aa
679	Chanard2006	aa
680	Hartell1993	aa
680	Chanard2006	aa
681	Hartell1993	aa
681	Chanard2006	aa
682	Hartell1993	aa
682	Chanard2006	aa
683	Hartell1993	aa
683	Chanard2006	aa
684	Hartell1993	aa
684	Chanard2006	aa
685	Hartell1993	aa
685	Chanard2006	aa
686	Hartell1993	aa
686	Chanard2006	aa
687	Hartell1993	aa
687	Chanard2006	aa
688	Hartell1993	aa
688	Chanard2006	aa
689	Hartell1993	aa
689	Chanard2006	aa
690	Hartell1993	aa
690	Chanard2006	aa
691	Hartell1993	aa
691	Chanard2006	aa
692	Hartell1993	aa
692	Chanard2006	aa
693	Hartell1993	aa
693	Chanard2006	aa
694	Hartell1993	aa
694	Chanard2006	aa
695	Hartell1993	aa
695	Chanard2006	aa
696	Hartell1993	aa
696	Chanard2006	aa
697	Hartell1993	aa
697	Chanard2006	aa
698	Hartell1993	aa
698	Chanard2006	aa
699	Hartell1993	aa
699	Chanard2006	aa
700	Hartell1993	aa
700	Chanard2006	aa
701	Hartell1993	aa
701	Chanard2006	aa
702	Hartell1993	aa
702	Chanard2006	aa
703	Hartell1993	aa
703	Chanard2006	aa
704	Hartell1993	aa
704	Chanard2006	aa
705	Hartell1993	aa
705	Hartell1993	aa
706	Hartell1993	aa
706	Chanard2006	aa
707	Hartell1993	aa
707	Chanard2006	aa
708	Hartell1993	aa
708	Chanard2006	aa
709	Hartell1993	aa
709	Chanard2006	aa
710	Hartell1993	aa
710	Chanard2006	aa
711	Hartell1993	aa
711	Chanard2006	aa
712	Hartell1993	aa
712	Chanard2006	aa
713	Hartell1993	aa
713	Chanard2006	aa
714	Hartell1993	aa
714	Chanard2006	aa
715	Hartell1993	aa
715	Chanard2006	aa
716	Hartell1993	aa
716	Chanard2006	aa
717	Hartell1993	aa
717	Chanard2006	aa
718	Hartell1993	aa
718	Chanard2006	aa
719	Hartell1993	aa
719	Chanard2006	aa
720	Hartell1993	aa
720	Chanard2006	aa
721	Hartell1993	aa
721	Hartell1993	aa
722	Chanard2006	aa
722	Chanard2006	aa
723	Hartell1993	aa
723	Chanard2006	aa
724	Hartell1993	aa
724	Chanard2006	aa
725	Hartell1993	aa
725	Chanard2006	aa
726	Hartell1993	aa
726	Chanard2006	aa
727	Hartell1993	aa
727	Chanard2006	aa
728	Hartell1993	aa
728	Chanard2006	aa
729	Hartell1993	aa
729	Hartell1993	aa
730	Chanard2006	aa
730	Chanard2006	aa
731	Hartell1993	aa
731	Chanard2006	aa
732	Hartell1993	aa
732	Chanard2006	aa
733	Hartell1993	aa
733	Chanard2006	aa
734	Hartell1993	aa
734	Chanard2006	aa
735	Hartell1993	aa
735	Chanard2006	aa
736	Chanard2006	aa
736	Chanard2006	aa
737	Hartell1993	aa
737	Chanard2006	aa
738	Hartell1993	aa
738	Chanard2006	aa
739	Hartell1993	aa
739	Chanard2006	aa
740	Hartell1993	aa
740	Chanard2006	aa
741	Hartell1993	aa
741	Chanard2006	aa
742	Hartell1993	aa
742	Chanard2006	aa
743	Hartell1993	aa
743	Chanard2006	aa
744	Hartell1993	aa
744	Chanard2006	aa
745	Hartell1993	aa
745	Hartell1993	aa
746	Chanard2006	aa
746	Chanard2006	aa
747	Hartell1993	aa
747	Chanard2006	aa
748	Hartell1993	aa
748	Chanard2006	aa
749	Hartell1993	aa
749	Chanard2006	aa
750	Hartell1993	aa
750	Chanard2006	aa
751	Hartell1993	aa
751	Chanard2006	aa
752	Hartell1993	aa
752	Chanard2006	aa
753	Hartell1993	aa
753	Chanard2006	aa
754	Hartell1993	aa
754	Chanard2006	aa
755	Hartell1993	aa
755	Chanard2006	aa
756	Hartell1993	aa
756	Chanard2006	aa
757	Hartell1993	aa
757	Chanard2006	aa
758	Hartell1993	aa
758	Chanard2006	aa
759	Hartell1993	aa
759	Chanard2006	aa
760	Hartell1993	aa
760	Chanard2006	aa
761	Hartell1993	aa
761	Chanard2006	aa
762	Hartell1993	aa
762	Chanard2006	aa
763	Hartell1993	aa
763	Chanard2006	aa
764	Hartell1993	aa
764	Chanard2006	aa
765	Hartell1993	aa
765	Chanard2006	aa
766	Hartell1993	aa
766	Chanard2006	aa
767	Hartell1993	aa
767	Chanard2006	aa
768	Hartell1993	aa
768	Chanard2006	aa
769	Hartell1993	aa
769	Chanard2006	aa
770	Hartell1993	aa
770	Chanard2006	aa
771	Hartell1993	aa
771	Chanard2006	aa
772	Hartell1993	aa
772	Chanard2006	aa
773	Hartell1993	aa
773	Chanard2006	aa
774	Hartell1993	aa
774	Chanard2006	aa
775	Hartell1993	aa
775	Chanard2006	aa
776	Hartell1993	aa
776	Chanard2006	aa
777	Hartell1993	aa
777	Chanard2006	aa
778	Hartell1993	aa
778	Chanard2006	aa
779	Hartell1993	aa
779	Chanard2006	aa
780	Hartell1993	aa
780	Chanard2006	aa
781	Hartell1993	aa
781	Chanard2006	aa
782	Hartell1993	aa
782	Chanard2006	aa
783	Hartell1993	aa
783	Chanard2006	aa
784	Hartell1993	aa
784	Chanard2006	aa
785	Hartell1993	aa
785	Chanard2006	aa
786	Hartell1993	aa
786	Chanard2006	aa
787	Hartell1993	aa
787	Chanard2006	aa
788	Hartell1993	aa
788	Chanard2006	aa
789	Hartell1993	aa
789	Chanard2006	aa
790	Hartell1993	aa
790	Chanard2006	aa
791	Hartell1993	aa
791	Chanard2006	aa
792	Hartell1993	aa
792	Chanard2006	aa
793	Hartell1993	aa
793	Chanard2006	aa
794	Hartell1993	aa
794	Chanard2006	aa
795	Hartell1993	aa
795	Chanard2006	aa
796	Hartell1993	aa
796	Chanard2006	aa
797	Hartell1993	aa
797	Chanard2006	aa
798	Hartell1993	aa
798	Chanard2006	aa
799	Hartell1993	aa
799	Chanard2006	aa
800	Hartell1993	aa
800	Chanard2006	aa
801	Hartell1993	aa
801	Chanard2006	aa
802	Hartell1993	aa
802	Chanard2006	aa
803	Hartell1993	aa
803	Chanard2006	aa
804	Hartell1993	aa
804	Chanard2006	aa
805	Hartell1993	aa
805	Chanard2006	aa
806	Hartell1993	aa
806	Chanard2006	aa
807	Hartell1993	aa
807	Chanard2006	aa
808	Hartell1993	aa
808	Chanard2006	aa
809	Hartell1993	aa
809	Chanard2006	aa
810	Hartell1993	aa
810	Chanard2006	aa
811	Hartell1993	aa
811	Chanard2006	aa
812	Hartell1993	aa
812	Chanard2006	aa
813	Hartell1993	aa
813	Hartell1993	aa
814	Chanard2006	aa
814	Chanard2006	aa
815	Hartell1993	aa
815	Chanard2006	aa
816	Hartell1993	aa
816	Chanard2006	aa
817	Hartell1993	aa
817	Hartell1993	aa
818	Chanard2006	aa
818	Chanard2006	aa
819	Hartell1993	aa
819	Chanard2006	aa
820	Hartell1993	aa
820	Hartell1993	aa
821	Chanard2006	aa
821	Chanard2006	aa
822	Hartell1993	aa
822	Chanard2006	aa
823	Hartell1993	aa
823	Chanard2006	aa
824	Hartell1993	aa
824	Chanard2006	aa
825	Hartell1993	aa
825	Chanard2006	aa
826	Hartell1993	aa
826	Chanard2006	aa
827	Hartell1993	aa
827	Chanard2006	aa
828	Hartell1993	aa
828	Chanard2006	aa
829	Hartell1993	aa
829	Chanard2006	aa
830	Hartell1993	aa
830	Chanard2006	aa
831	Hartell1993	aa
831	Chanard2006	aa
832	Hartell1993	aa
832	Chanard2006	aa
833	Hartell1993	aa
833	Chanard2006	aa
834	Hartell1993	aa
834	Chanard2006	aa
835	Hartell1993	aa
835	Chanard2006	aa
836	Hartell1993	aa
836	Chanard2006	aa
837	Hartell1993	aa
837	Chanard2006	aa
838	Hartell1993	aa
838	Chanard2006	aa
839	Hartell1993	aa
839	Chanard2006	aa
840	Hartell1993	aa
840	Chanard2006	aa
841	Hartell1993	aa
841	Chanard2006	aa
842	Hartell1993	aa
842	Chanard2006	aa
843	Hartell1993	aa
843	Chanard2006	aa
844	Hartell1993	aa
844	Chanard2006	aa
845	Hartell1993	aa
845	Chanard2006	aa
846	Hartell1993	aa
846	Chanard2006	aa
847	Hartell1993	aa
847	Hartell1993	aa
848	Chanard2006	aa
848	Chanard2006	aa
849	Hartell1993	aa
849	Chanard2006	aa
850	Hartell1993	aa
850	Chanard2006	aa
851	Hartell1993	aa
851	Chanard2006	aa
852	fwe_baumbach1997	ph
853	yey_baumbach1997	ph
854	cav_guillaume2004	ph
855	ccc_parker1991	ph
856	che_nichols1996	ph
857	cdm_caughley1982	ph
858	mhr_sebeok1961	ph
859	cle_archivo1980	ph
860	ctu_alvarez2002	ph
861	crw_tomas1971	ph
862	boi_wash2001	ph
863	crd_doak1997	ph
864	com_charney1993	ph
865	cup_hill2005	ph
866	cuv_ndokobai2003	ph
867	anv_mbuagbaw1996	ph
868	kxl_yadava2000	ph
869	aoj_conrad1978	ph
870	usa_bee1965	ph
871	kpr_farr1974	ph
872	bjr_oatridge1973	ph
873	ego_blench2006	ph
874	ekp_blench2006	ph
875	enb_zwarts2003	ph
876	ags_fointein1986	ph
877	fan_eko1974	ph
878	fuu_boyeldieu2000	ph
879	gbd_sands1989	ph
880	gby_rosendall1998	ph
881	gvf_evans2005	ph
882	gub_bendorsamuel1966	ph
883	gup_oates1964	ph
884	hay_byarushengo1977	ph
885	wya_lagarde1980	ph
886	hch_mchintosh1945	ph
887	qwh_levengood1982	ph
888	huv_archivo1983	ph
889	qxw_wroughton1996	ph
890	lyn_jacottet1896	ph
891	iby_blench2005	ph
892	imn_seiler1985	ph
893	inh_nichols1996	ph
894	ksi_donohue2002	ph
895	yal_lupke2005	ph
896	jar_lukas1961	ph
897	jaa_vogel2003	ph
898	tow_yumitani1998	ph
899	mgi_blench2006	ph
900	kab_hamouma1987	ph
901	gid_noukeu2002	ph
902	kyz_souza2004	ph
903	kms_sanders1994a	ph
904	kxo_bacelar2004	ph
905	ndb_akeriweh2000	ph
906	xrb_wichser1994	ph
907	kmv_tobler1983	ph
908	ken_mbuagbaw2000	ph
909	khr_peterson	ph
910	cog_ungsitipoonporn	ph
911	kin_mpayimana2003	ph
912	okr_blench2005	ph
913	kkk_palmer1999	ph
914	kme_asobo1989	ph
915	kma_cahill1999	ph
916	kdt_oranuch1984	ph
917	kle_tolsma1999	ph
918	kto_lindstrom2002	ph
919	kgg_watters2006	ph
920	kxv_israel1979	ph
921	xwa_voort2004	ph
922	lbj_koshal1979	ph
923	lag_dunham2005	ph
924	lao_morev1979	ph
925	lvk_terrill1999	ph
926	bwt_ebah1990	ph
927	lun_kawasha2003	ph
928	lch_fleisch2000	ph
929	bdu_atta1993	ph
930	mkd_friedman2002	ph
931	mxu_blench2006	ph
932	grg_blackings2003	ph
933	mva_turner1986	ph
934	bce_forku2000	ph
935	nmm_hildebrandt2004	ph
936	nge_swiri1998	ph
937	mec_heath1981	ph
938	ayz_dol1999	ph
939	gmm_boyd1997	ph
940	byv_nganmou1991	ph
941	xmf_harris1991	ph
942	bfm_bangha2003	ph
943	mwt_veena1980	ph
944	cas_sakel2004	ph
945	mgg_djiafeua1989	ph
946	mhk_nahjella1997	ph
947	nmg_ngue2002	ph
948	mlv_francois2001	ph
949	nnm_feldpausch1992	ph
950	nml_ngoran1999	ph
951	apm_hoijer1946	ph
952	yum_halpern1946	ph
953	nnk_spaulding1994	ph
954	niq_creider1989	ph
955	kig_saowalak1993	ph
956	mff_kum2002	ph
957	ncl_langacker1979	ph
958	nag_bhattacharjya2001	ph
959	nsh_bolima1998	ph
960	nig_baker1999	ph
961	nam_hoddinott1988	ph
962	igo_ngouagna1988	ph
963	nla_voutsa2003	ph
964	noo_davidson2002	ph
965	kxm_phunsap1984	ph
966	pao_thornes2003	ph
967	kcn_wellens2003	ph
968	nus_frank1999	ph
969	ekm_ekambi1990	ph
970	nym_maganga1992	ph
971	nyl_taweeporn1998	ph
972	ann_faraclas1984	ph
973	mpt_loving1974	ph
974	fai_loving1974	ph
975	oku_yensi1996	ph
976	oss_hettich1997	ph
977	pau_josephs1975	ph
978	okv_loving1977	ph
979	yll_loving1977	ph
980	niz_loving1977	ph
981	dob_loving1977	ph
982	smq_loving1977	ph
983	uvh_loving1974	ph
984	bzf_loving1974	ph
985	prt_unchalee1988	ph
986	mlf_unchalee1988	ph
987	rma_grinevald1990	ph
988	xmt_remijsen2002	ph
989	run_rodegem1967	ph
990	nyn_poletto1998	ph
991	rwr_magier1983	ph
992	ndi_kong2004	ph
993	sbd_platiel1979	ph
994	sxm_ploykaew2001	ph
995	sae_antunes2004	ph
996	str_montler2005	ph
997	sas_austin1998	ph
998	svr_anonymous1927	ph
999	pos_clark1995	ph
1000	sey_levinson1990	ph
1001	trv_asal1969	ph
1002	ssg_wozna-wilson2005	ph
1003	sza_kruspe1999	ph
1004	ser_hill1967	ph
1005	sbf_teferra1991	ph
1006	ywn_vieira2004	ph
1007	kde_liphola2001	ph
1008	sna_fortune1955	ph
1009	bax_nchare2005	ph
1010	sjr_rowe2005	ph
1011	skr_shackle1976	ph
1012	sjw_andrews1994	ph
1013	skv_donohue2004	ph
1014	thm_migliazza1998	ph
1015	erk_thieberger2004	ph
1016	spo_carlson1972	ph
1017	sso_demuth1992	ph
1018	stw_roddy2007	ph
1019	ulw_green1999	ph
1020	jup_epps2005	ph
1021	zoh_johnson2000	ph
1022	ztp_beam2004	ph
1023	yuk_schlicter1985	ph
1024	yap_ballantyne2005	ph
1025	yur_robins1958	ph
1026	yuz_gijn2006	ph
1027	yux_maslova2003	ph
1028	wbm_wattana1998	ph
1029	wms_vries1992	ph
1030	was_jacobsen1964	ph
1031	way_silva-tavares2005	ph
1032	woc_exter2003	ph
1033	var_armendariz2005	ph
1034	vai_welmers1976	ph
1035	ukr_pugh1999	ph
1036	phl_liljegren2008	ph
1037	mky_bowden1997	ph
1038	tpi_gonzalez2005	ph
1039	bjz_farr	ph
1040	tav_bostrom1998	ph
1041	tgw_casimir1998	ph
1042	mzn_mohktarian2004	ph
1043	blk_orranat2000	ph
1044	tft_hayami2001	ph
1045	tob_klein1973	ph
1046	pol_jassem2003	ph
1047	cmn_lee2003_phon	ph
1048	ijn_harry2003	ph
1049	ydd_kleine2003	ph
1050	nld_verhoeven2007	ph
1051	mla_riehl-jauncey2005	ph
1052	gay_eades2006	ph
1053	jam_Harry2006_phon	ph
1054	mcs_anonby2006	ph
1055	arg_Mott2007_phon	ph
1056	zts_merrill2008_phon	ph
1057	ibb_urua2004	ph
1058	tam_keane2004	ph
1059	zpq_sonnenschein2004	ph
1060	bgo_relich1973	ph
1061	nxl_bolton1990	ph
1062	slu_coward1990	ph
1063	tvd_lovelace1992	ph
1064	wos_wendal1993	ph
1065	blr_block1994	ph
1066	txx_dillon1994	ph
1067	bod_cha1995	ph
1068	ruk_wilson1996	ph
1069	tol_bommelyn1997	ph
1070	pae_reeder1998	ph
1071	cho_broadwell	ph
1072	crg_rosen2007	ph
1073	plg_vidal2001	ph
1074	yuc_linn2001	ph
1075	bwi_granadillo2006	ph
1076	ktn_everett2006	ph
1077	esi_nagai2006	ph
1078	zab_lillehaugen2006	ph
1079	tzo_shklovsky2005	ph
1080	sid_kawachi2007	ph
1081	bdr_miller2007	ph
1082	cid_jany2007	ph
1083	tee_kung2007	ph
1084	ute_oberly2008	ph
1085	duo_robinson2008	ph
1086	ton_feldman1978	ph
1087	lmw_callaghan1963	ph
1088	lzz_anderson1963	ph
1089	jun_matson1964	ph
1090	adn_haan2001	ph
1091	ael_nganganu2001	ph
1092	apu_facundes2000	ph
1093	ace_asyik1987	ph
1094	aig_farquhar1974	ph
1095	akl_chai1971	ph
1096	arh_frank1985	ph
1097	arr_gabas1999	ph
1098	ayl_elfitoury1976	ph
1099	bbc_percival1964	ph
1100	bci_timyan1977	ph
1101	bfw_fernandez1968	ph
1102	biw_begne1979	ph
1103	bla_tayler1969	ph
1104	bll_einaudi1974	ph
1105	bzj_greene1993	ph
1106	cku_kimball1985	ph
1107	coo_harris1981	ph
1108	cso_foris1993	ph
1109	diq_todd1985	ph
1110	ets_elimelech1976	ph
1111	frr_lasswell1998	ph
1112	gju_losey2002	ph
1113	gvc_stenzel2004	ph
1114	hum_takizala1974	ph
1115	hur_galloway1977	ph
1116	hus_wedemeyer1988	ph
1117	ilo_rubino1997	ph
1118	kbc_sandalo1995	ph
1119	kub_koops1990	ph
1120	kwi_curnow1997	ph
1121	lis_roop1970	ph
1122	los_hamel1985	ph
1123	mbe_pharris2006	ph
1124	mcf_fleck2003	ph
1125	mni_chelliah1992	ph
1126	mnk_drame1981	ph
1127	moc_grondona1998	ph
1128	mam_godfrey1981	ph
1129	myu_picanco2005	ph
1130	ncg_tarpent1987	ph
1131	nds_mierau1965	ph
1132	pmq_berthiaume2003	ph
1133	par_mclaughlin1987	ph
1134	pcm_faraclas1989	ph
1135	pej_oconnor1987	ph
1136	poq_reilly2002	ph
1137	kca_filchenko2007	ph
1138	cat_carbonell1992	ph
1139	hrv_landau-loncaric1995	ph
1140	ces_dankovicova1997	ph
1141	glg_reguiera1996	ph
1142	kbp_padayodi2008	ph
1143	mnh_olson2004	ph
1144	ind_soderberg2008_phon	ph
1145	ita_rogers2004	ph
1146	qxl_masaquiz2008	ph
1147	sei_marlett_etal2005	ph
1148	snd_nihalani1995	ph
1149	slv_sustarsic-komar1995	ph
1150	swe_engstrand1990	ph
1151	mky_bowden-hajek1996	ph
1152	khc_donohue1994	ph
1153	pib_sebastian-marlett2008	ph
1154	quc_larsen1988	ph
1155	qvh_weber1983	ph
1156	qum_barrett1999	ph
1157	qug_beukema1975	ph
1158	tpt_watters1988	ph
1159	abt_wilson1973	ph
1160	aau_lock1990	ph
1161	ahg_hetzron1969	ph
1162	ahk_panadda1993	ph
1163	aly_yallop1977	ph
1164	amn_minch1992	ph
1165	anu_reh1996	ph
1166	jbj_voorhoeve1985	ph
1167	aon_fortune1942	ph
1168	tcb_holton2000	ph
1169	avt_scorza1985	ph
1170	tpz_loving1975	ph
1171	pex_loving1975	ph
1172	ptp_loving1975	ph
1173	kcl_loving1975	ph
1174	sgz_loving1975	ph
1175	awx_quigley2003	ph
1176	azo_azieshi1994	ph
1177	kmn_feldman1986	ph
1178	bbw_nashipu2005	ph
1179	bbk_akumbu1999	ph
1180	bkh_edika1990	ph
1181	muo_kouonang1983	ph
1182	bvm_ngeloh2002	ph
1183	bgj_mbah2003	ph
1184	bnm_kouankem2003	ph
1185	bch_gallagher2005	ph
1186	bby_gueche2004	ph
1187	dbj_goudswaard2005	ph
1188	bem_kula2002	ph
1189	brc_kouwenberg1994	ph
1190	xub_coelho2003	ph
1191	bhw_heuvel2006	ph
1192	nbj_nordlinger1990	ph
1193	bhg_wilson2002	ph
1194	bwq_sanou1978	ph
1195	bol_gimba2000	ph
1196	bot_abessolo1990	ph
1197	bwo_bhattacharya1977	ph
1198	bkk_ramaswami1982	ph
1199	bsp_ganong1998	ph
1200	bbx_fiensong1993	ph
1201	bxk_mutonyi2000	ph
1202	sbs_baumbach1997	ph
1203	ttl_baumbach1997	ph
1204	bmo_ayafor2002	ph
1205	mrq_zewen1987	ph
1206	oon_dasgupta1982	ph
1207	plo_zavala2000	ph
1208	jya_jacques2004	ph
1209	suq_bryant1999	ph
1210	blb_obata2003	ph
1211	hoa_davis2003	ph
1212	fil_cubar1994	ph
1213	nxg_djawanai1983	ph
1214	mnb_vandenberg1989	ph
1215	xxk_baird2002	ph
1216	thm_nuchanart1998	ph
1217	skf_galucio2001_o	ph
1218	tiw_osborne1974	ph
1219	trw_lunsford2001	ph
1220	tdh_lahaussois2002	ph
1221	tsj_andvik1999	ph
1222	cof_dickinson2002	ph
1223	tzj_dayley1985	ph
1224	pww_naruemon1995	ph
1225	tyv_harrison2000	ph
1226	kfk_nigam1971	ph
1227	wtm_gusain2003	ph
1228	aty_lynch2000	ph
1229	atb_wannemacher1998	ph
1230	cic_gordon-etal2001	ph
1231	fur_miotti2002	ph
1232	apj_tuttle2002	ph
1233	ega_connell2002	ph
1234	fub_stennes1967	ph
1235	are_anderson2000	ph
1236	xsu_borgman1990	ph
1237	pav_everett1997	ph
1238	cro_kaschube1967	ph
1239	boi_chumash1970	ph
1240	lee_frajzyngier2001	ph
1241	1241_adamawa_taylor1953	gm
1242	1242_agni_ahua2004_s	gm
1243	1243_agni_ahua2004_s	gm
1244	1244_agni_quaireau1987_o	gm
1245	1245_aka_dolphyne1988	gm
1246	1246_chakosi_stanford1970	gm
1247	1247_babole	gm
1248	1248_bana_hofmann1990_o	gm
1249	1249_kresh_aja	gm
1250	1250_kresh_aja	gm
1251	1251_bila	gm
1252	1252_busa	gm
1253	1253_fulfulde_bickoe2000_o	gm
1254	1254_fulfulde_mcintosh1984_o	gm
1255	1255_herero	gm
1256	1256_Herington_etal2009-TanagriPhonology	gm
1257	1257_khq	gm
1258	1258_kpa	gm
1259	1259_lega	gm
1260	1260_limbum_bah2004_o	gm
1261	1261_limbum_bah2004_o	gm
1262	1262_limbum_bah2004_o	gm
1263	1263_mye	gm
1264	1264_ncam_badie1995_o	gm
1265	1265_nen	gm
1266	1266_rufiji	gm
1267	1267_rufiji	gm
1268	1268_western-savanna	gm
1269	1269_western-savanna	gm
1270	1270_western-savanna	gm
1271	1271_western-savanna	gm
1272	1272_western-savanna	gm
1273	1273_snk-1	gm
1274	1274_songhay_heath1999	gm
1275	1275_lele_frajzyngier	gm
1276	1276_kck_mathangwane	gm
1277	1277_lol_hulstaert	gm
1278	1278_wok_longto	gm
1279	1279_gbe_capo	gm
1280	1280_gbe_capo	gm
1281	1281_gbe_capo	gm
1282	1282_gbe_capo	gm
1283	1283_jmc_kiwoso	gm
1284	1284_mda_price	gm
1285	1285_mfo_bamgbose	gm
1286	1286_nwe_dunstan	gm
1287	1287_jow_carlson	gm
1288	1288_yba_armstrong	gm
1289	1289_mgr_bickmore	gm
1290	1290_kcv_muzenga	gm
1291	1291_kws_forges	gm
1292	1292_snm_blackingsfabb	gm
1293	1293_tucker	gm
1294	1294_tucker	gm
1295	1295_aft_voogt	gm
1296	1296_avatime_schuh	gm
1297	1297_abn	gm
1298	1298_any	gm
1299	1299_dgh	gm
1300	1300_afo	gm
1301	1301_fuv	gm
1302	1302_acd	gm
1303	1303_ayg	gm
1304	1304_hbb	gm
1305	1305_kwl	gm
1306	1306_kye	gm
1307	1307_krm	gm
1308	1308_banda_sampson	gm
1309	1309_dib	gm
1310	1310_foodo	gm
1311	1311_joola_huluf	gm
1312	1312_jumjum	gm
1313	1313_Kurmuk	gm
1314	1314_Lulubo	gm
1315	1315_Maay	gm
1316	1316_Mabaan	gm
1317	1317_nizaa	gm
1318	1318_zone-s	gm
1319	1319_zone-s	gm
1320	1320_akp	gm
1321	1321_bun	gm
1322	1322_buy	gm
1323	1323_cpn	gm
1324	1324_fap	gm
1325	1325_gur	gm
1326	1326_lip	gm
1327	1327_maw	gm
1328	1328_Bostoen_Bantu_M	gm
1329	1329_pbp	gm
1330	1330_snw	gm
1331	1331_tiv	gm
1332	1332_byn	gm
1333	1333_agaw	gm
1334	1334_lik	gm
1335	1335_yns	gm
1336	1336_buu	gm
1337	1337_khy	gm
1338	1338_lej	gm
1339	1339_kbo	gm
1340	1340_won	gm
1341	1341_wlc	gm
1342	1342_afar	gm
1343	1343_kebi	gm
1344	1344_kebi	gm
1345	1345_kebi	gm
1346	1346_kebi	gm
1347	1347_kebi	gm
1348	1348_kebi	gm
1349	1349_myf	gm
1350	1350_tir	gm
1351	1351_kdj	gm
1352	1352_gwn	gm
1353	1353_gwn	gm
1354	1354_gwn	gm
1355	1355_gwn	gm
1356	1356_gwn	gm
1357	1357_gwn	gm
1358	1358_avi	gm
1359	1359_shk	gm
1360	1360_hgm	gm
1361	1361_pip	gm
1362	1362_gax-hdy	gm
1363	1363_gax-hdy	gm
1364	1364_wal	gm
1365	1365_njx	gm
1366	1366_otuho	gm
1367	1367_myx	gm
1368	1368_hig	gm
1369	1369_mzj	gm
1370	1370_say	gm
1371	1371_nzb	gm
1372	1372_dsq	gm
1373	1373_ktb	gm
1374	1374_otr	gm
1375	1375_otr	gm
1376	1376_nmi	gm
1377	1377_fli	gm
1378	1378_mcw	gm
1379	1379_nmn	gm
1380	1380_kib	gm
1381	1381_kki	gm
1382	1382_oks	gm
1383	1383_knw	gm
1384	1384_bbj	gm
1385	1385_afn	gm
1386	1386_tkq	gm
1387	1387_sgc	gm
1388	1388_pbr	gm
1389	1389_hoo	gm
1390	1390_bwu	gm
1391	1391_bjt	gm
1392	1392_now	gm
1393	1393_dan_santa	gm
1394	1394_pko	gm
1395	1395_afr	gm
1396	1396_hertzon	gm
1397	1397_hertzon	gm
1398	1398_din	gm
1399	1399_tano	gm
1400	1400_tano	gm
1401	1401_hna	gm
1402	1402_bhs	gm
1403	1403_langermann	gm
1403	1403_xed	gm
1404	1404_langermann	gm
1405	1405_ikw	gm
1406	1406_kot	gm
1407	1407_gmm	gm
1408	1408_mqb	gm
1409	1409_mlw	gm
1410	1410_muy	gm
1411	1411_jgo	gm
1412	1412_dmo	gm
1413	1413_ntm	gm
1414	1414_stv	gm
1415	1415_weh	gm
1416	1416_kadugli_krongo	gm
1417	1417_kadugli_krongo	gm
1418	1418_kadugli_krongo	gm
1419	1419_kadugli_krongo	gm
1420	1420_kadugli_krongo	gm
1421	1421_kadugli_krongo	gm
1422	1422_kadugli_krongo	gm
1423	1423_kadugli_krongo	gm
1424	1424_mgc	gm
1425	1425_luc	gm
1426	1426_keg	gm
1427	1427_talodi	gm
1428	1428_talodi	gm
1429	1429_talodi	gm
1430	1430_talodi	gm
1431	1431_did	gm
1432	1432_lwoian	gm
1433	1433_lwoian	gm
1434	1434_lwoian	gm
1435	1435_viri	gm
1436	1436_viri	gm
1437	1437_bde	gm
1438	1438_fpe	gm
1439	1439_jit	gm
1440	1440_dim	gm
1441	1441_lto	gm
1442	1442_djm	gm
1443	1443_kam	gm
1444	1444_ksf	gm
1445	1445_laj	gm
1446	1446_lks_donohew	gm
1446	1446_lks	gm
1447	1447_nuj	gm
1448	1448_wmw	gm
1449	1449_xkv	gm
1450	1450_boz	gm
1451	1451_alw	gm
1452	1452_deg	gm
1453	1453_bud	gm
1454	1454_pre	gm
1455	1455_nko	gm
1456	1456_gunan_gurage	gm
1457	1457_gunan_gurage	gm
1458	1458_gunan_gurage	gm
1459	1459_gunan_gurage	gm
1460	1460_gunan_gurage	gm
1461	1461_gunan_gurage	gm
1462	1462_gunan_gurage	gm
1463	1463_gunan_gurage	gm
1464	1464_gunan_gurage	gm
1465	1465_gunan_gurage	gm
1466	1466_gunan_gurage	gm
1467	1467_gunan_gurage	gm
1468	1468_dnn	gm
1469	1469_bmi	gm
1470	1470_niy	gm
1471	1471_ndh	gm
1472	1472_mym	gm
1473	1473_nsg	gm
1474	1474_myb	gm
1475	1475_sese	gm
1476	1476_soo	gm
1477	1477_bench	gm
1478	1478_gimira	gm
1479	1479_bench	gm
1480	1480_zay	gm
1481	1481_gamo	gm
1482	1482_kqy	gm
1483	1483_aiw	gm
1484	1484_omotic_bender	gm
1485	1485_omotic_bender	gm
1486	1486_omotic_bender	gm
1487	1487_omotic_bender	gm
1488	1488_mdm	gm
1489	1489_lsm	gm
1490	1490_nnw	gm
1491	1491_nbl	gm
1492	1492_sxw	gm
1493	1493_laarim_stirtz	gm
1494	1494_bjg	gm
1495	1495_doy	gm
1496	1496_beledugu_bam	gm
1497	1497_hbn	gm
1498	1498_kga	gm
1499	1499_shw	gm
1500	1500_ttb	gm
1501	1501_wambo	gm
1502	1502_wambo	gm
1503	1503_wambo	gm
1504	1504_wambo	gm
1505	1505_wambo	gm
1506	1506_wambo	gm
1507	1507_wambo	gm
1508	1508_xon_naware	gm
1509	1509_zag	gm
1510	1510_zwa	gm
1511	1511_zmx	gm
1512	1512_bbo_new	gm
1513	1513_bez_Morrison	gm
1514	1514_kpelle_guinea	gm
1515	1515_kke_russian	gm
1516	1516_Lele_vydrine	gm
1517	1517_looma_mandenkan	gm
1518	1518_mev	gm
1519	1519_ross_kyanga	gm
1520	1520_ross_kyanga	gm
1521	1521_abu	gm
1522	1522_abb	gm
1523	1523_afu	gm
1524	1524_agq_hyman	gm
1525	1525_arv	gm
1526	1526_abi_tresbarats	gm
1527	1527_adj_herault	gm
1528	1528_ahi	gm
1529	1529_ald_duponchel	gm
1530	1530_ahs_tinor	gm
1531	1531_zdj_patin	gm
1532	1532_akpes	gm
1533	1533_etx	gm
1534	1534_fwrightmathesis	gm
1535	1535_gel	gm
1536	1536_idu	gm
1537	1537_iri	gm
1538	1538_izr	gm
1539	1539_jer_eboze	gm
1540	1540_agb_hyman	gm
1541	1541_logba	gm
1542	1542_awngi_2010	gm
1543	1543_Glavda_Morphology	gm
1544	1544_uwu_ahan	gm
1545	1545_uwu_ahan	gm
1546	1546_ronga	gm
1547	1547_Comorian-inventories	gm
1548	1548_biv	gm
1549	1549_cwt	gm
1550	1550_ati	gm
1551	1551_aoa	gm
1552	1552_hae	gm
1553	1553_pov	gm
1554	1554_manenguba	gm
1555	1555_manenguba	gm
1556	1556_manenguba	gm
1557	1557_manenguba	gm
1558	1558_manenguba	gm
1559	1559_manenguba	gm
1560	1560_manenguba	gm
1561	1561_lir	gm
1562	1562_ggu	gm
1563	1563_eto	gm
1564	1564_rcf	gm
1565	1565_mls	gm
1566	1566_cri	gm
1567	1567_tan	gm
1568	1568_suk	gm
1569	1569_mfe	gm
1570	1570_krio_nylander	gm
1571	1571_ktu	gm
1572	1572_akasilimi_baasaal_podi	gm
1573	1573_bag	gm
1574	1574_BakaOrthography	gm
1575	1575_bmv	gm
1576	1576_dbq_lienhard	gm
1577	1577_gou	gm
1578	1578_gde_menetrey	gm
1579	1579_lno	gm
1580	1580_igo_gblem_ahl	gm
1581	1581_kako_ernst1992_o	gm
1582	1582_knp	gm
1583	1583_Mambila_CAM	gm
1584	1584_meq	gm
1585	1585_mfi	gm
1586	1586_mijikenda	gm
1587	1587_mijikenda	gm
1588	1588_mijikenda	gm
1589	1589_mijikenda	gm
1590	1590_mijikenda	gm
1591	1591_mijikenda	gm
1592	1592_mijikenda	gm
1593	1593_mijikenda	gm
1594	1594_mijikenda	gm
1595	1595_mlr	gm
1596	1596_mmu	gm
1597	1597_mpi	gm
1598	1598_mif	gm
1599	1599_mtk	gm
1600	1600_ncr	gm
1601	1601_nfu	gm
1602	1602_njy	gm
1603	1603_Manessy_bwamu_box	gm
1604	1604_Leger_kwami_ktf	gm
1605	1605_Benoit_gouro_goa	gm
1606	1606_Veiga_cap-vert_kea	gm
1607	1607_Elders_kulango_nku	gm
1608	1608_Sava_tsamakko_tsb	gm
1609	1609_Hdouch_tzm	gm
1610	1610_Walker_siz	gm
1611	1611_Edelsten_ndj	gm
1612	1612_Lovestrand_bva	gm
1613	1613_Lovestrand_bva	gm
1614	1614_Lovestrand_bva	gm
1615	1615_Lovestrand_bva	gm
1616	1616_Stirtz_tbi	gm
1617	1617_Good_fungom	gm
1618	1618_Good_fungom	gm
1619	1619_Good_fungom	gm
1620	1620_Good_fungom	gm
1621	1621_Good_fungom	gm
1622	1622_Kastenholz_knk	gm
1623	1623_Boyeldieu_boua	gm
1624	1624_Lukas_gis	gm
1625	1625_Mbah_mgo	gm
1626	1626_Neg_bri	gm
1627	1627_Haas_sif	gm
1628	1628_Anderson_nnh	gm
1629	1629_Patman_yas	gm
1630	1630_Eyoh_nza	gm
1631	1631_Hoskins_orc	gm
1632	1632_Mbah_pny	gm
1633	1633_Njoya_pnz	gm
1634	1634_Reid_atu	gm
1635	1635_Kinnaird_udl	gm
1636	1636_Vorbichler_les	gm
1637	1637_Bearth_neb	gm
1638	1638_Sewangi_gwe	gm
1639	1639_Kahigi_suw	gm
1640	1640_Rubanza_zin	gm
1641	1641_Rubanza_mer	gm
1642	1642_Kahigi_hka	gm
1643	1643_Rubagumya_han	gm
1644	1644_Mrikaria_old	gm
1645	1645_Mreta_ssc	gm
1646	1646_Massamba_kya	gm
1647	1647_Martin_www	gm
1648	1648_1997_kossmann_berber_phonology	gm
1649	1649_Boyeldieu_boua	gm
1650	1650_sef_tangari	gm
1651	1651_flr_vanotterloo	gm
1652	1652_sandawe_2008	gm
1653	1653_tvd_blench	gm
1654	1654_Watters_1981_Dissertation	gm
1655	1655_ybb_1991	gm
1656	1656_bfj_koopman	gm
1657	1657_bji_Amborn	gm
1658	1658_blo_morton	gm
1659	1659_fip_kwa	gm
1660	1660_naw_casali	gm
1661	1661_myo_yigezu	gm
1662	1662_nto_mangulu	gm
1663	1663_xtc_schadeberg	gm
1664	1664_uiv_foster	gm
1665	1665_btx_KaroBatak1	gm
1666	1666_tgl_Himmelmann	gm
1667	1667_ssb_Jun	gm
1668	1668_kqr_Kroeger	gm
1669	1669_beg_Clynes	gm
1670	1670_ilo_Rubino	gm
1671	1671_cjm_Thurgood	gm
1672	1672_mkm_Larish	gm
1673	1673_mkm_Larish	gm
1674	1674_nia_Brown	gm
1675	1675_jav_Ogloblin	gm
1676	1676_blf_Zubol	gm
1677	1677_mak_Jukes	gm
1678	1678_xma_Mead	gm
1679	1679_xbr_Klamer	gm
1680	1680_tet_Engelenhoven	gm
1681	1681_tet_Engelenhoven	gm
1682	1682_mky_Bowden	gm
1683	1683_bhw_Steinhauer	gm
1684	1684_abs_Paauw	gm
1685	1685_abs_Paauw	gm
1686	1686_abs_Paauw	gm
1687	1687_abs_Paauw	gm
1688	1688_abs_Paauw	gm
1689	1689_abs_Paauw	gm
1690	1690_idn_Snedden	gm
1691	1691_mad_Davies	gm
1692	1692_Garry_Rubino	gm
1693	1693_Garry_Rubino	gm
1694	1694_Garry_Rubino	gm
1695	1695_Garry_Rubino	gm
1696	1696_Garry_Rubino	gm
1697	1697_Garry_Rubino	gm
1698	1698_Garry_Rubino	gm
1699	1699_Garry_Rubino	gm
1700	1700_Tengger	gm
1701	Natarajan1985	ra
1702	Manoharan1989	ra
1703	Ravindran1974	ra
1704	Gurubasave1972	ra
1705	Abraham1985	ra
1706	Goswami1978	ra
1707	Saksena1971	ra
1708	Swaminathan1972	ra
1709	Rangan1975	ra
1710	Upadhyay1975	ra
1711	Bhattacharya1988	ra
1712	Kulkarni1976	ra
1713	Ramaswami1992	ra
1714	Bhat1968	ra
1715	Ramaswami1976	ra
1716	Jaiswal1962	ra
1717	Sharma1989	ra
1718	KaptoND	ra
1719	Sharma1989	ra
1720	Ashirvadam1992	ra
1721	Sharma1988	ra
1722	DasGupta1963	ra
1723	Barling1961	ra
1724	Sharma1979	ra
1725	Nair1979	ra
1726	GnanasundaramND	ra
1727	Chila1972	ra
1728	Ohala1983	ra
1729	RamaswamiND	ra
1730	Perialwar1970	ra
1731	Satish1990	ra
1732	Matson1964	ra
1733	Chauhan1992	ra
1734	Upadhyaya1972	ra
1735	Srinivasa1978	ra
1736	Jeyapaul1987	ra
1737	Pillai1978	ra
1738	Handoo1973	ra
1739	Natanasabapathy1976	ra
1740	Biligiri1965	ra
1741	Nagaraja1990	ra
1742	Kapfo1992	ra
1743	Balakrishnan1976	ra
1744	Emeneau1961	ra
1745	Krishnamurthy1969	ra
1746	Bhaskararao1980	ra
1747	Katre1966	ra
1748	Bhat1971	ra
1748	Shetty1978	ra
1749	Zide1960	ra
1750	Subbiah1986	ra
1751	Rao1979	ra
1752	Gopabandhu1981	ra
1753	Sharma1985	ra
1754	Ekka1985	ra
1755	Reddy1974	ra
1756	Koshal1976	ra
1757	Trail1970	ra
1758	Sinha1966	ra
1759	Acharya1975	ra
1760	Weidert1975	ra
1761	Davis1984	ra
1762	Syamala1972	ra
1763	Das1973	ra
1764	Singh1975	ra
1765	Giridhar1994	ra
1766	Kelkar1958	ra
1766	Berntsen1975	ra
1767	Sastry1984	ra
1768	Prasad1991	ra
1769	Kosha1989	ra
1770	Sinha1974	ra
1770	Osada1992	ra
1771	Krishnamoorthy1984	ra
1772	Srivastava1962	ra
1773	Das1977	ra
1774	Bhattacharya1956	ra
1775	Pattanayak1966	ra
1775	Pattanayak1972	ra
1776	GiridharND	ra
1777	Burrow1953	ra
1778	Sharma1982	ra
1779	Burrow1970	ra
1780	Dulai1980	ra
1781	Fernandez1969	ra
1782	Sukumar1971	ra
1783	Suryakumari1991	ra
1784	Sreedhar1976	ra
1785	Rajapurohit1983	ra
1786	Kubchandani1963	ra
1787	Ramamurti1931	ra
1788	RamaswamiND	ra
1789	Arokianathan1980	ra
1790	Bandyoppadhyay1980	ra
1791	Venkateswara1972	ra
1792	Thirumalai1972	ra
1793	Saktivel1976	ra
1794	Karapurkar1972	ra
1795	Bhat1967	ra
1796	Mohanlal1991	ra
1797	Hasan1980	ra
1798	Srinivasa1970	ra
1799	Mallikarjun1982	ra
1800	Srinivasa1976	ra
1801	1801_Aguilera2001	saphon
1801	1801_Viegas2005	saphon
1802	1802_Viegas2005	saphon
1803	1803_Melendez2000	saphon
1803	1803_Wilsonetal1992	saphon
1804	1804_Facundes2000	saphon
1805	1805_Pet1988	saphon
1806	1806_Dirks1953	saphon
1806	1806_Kindberg1980	saphon
1807	1807_Payneetal1982	saphon
1808	1808_Mihas2010	saphon
1809	1809_Payne1982	saphon
1810	1810_Garciasalazar1997	saphon
1811	1811_Ramirez2001	saphon
1812	1812_Mosonyi2000	saphon
1813	1813_Aikhenvald1995	saphon
1814	1814_Ramirez2001	saphon
1815	1815_Swift1988	saphon
1816	1816_Parker1991	saphon
1817	1817_Granadillo2006	saphon
1818	1818_Rezende2003	saphon
1819	1819_Faustetal2002	saphon
1820	1820_Desouza2007	saphon
1821	1821_Dossantossilva2008	saphon
1822	1822_Michael2011	saphon
1823	1823_Corbera2012	saphon
1824	1824_Corberamori2008	saphon
1824	1824_Michael2008	saphon
1825	1825_Shaver1996	saphon
1826	1826_Launey2003	saphon
1827	1827_Patte1989	saphon
1828	1828_Dasilva2009	saphon
1829	1829_Mosonyi2000	saphon
1830	1830_Allin1976	saphon
1831	1831_Aikhenvald2003	saphon
1832	1832_Silva2008	saphon
1832	1832_Martins2009	saphon
1833	1833_Ferreira	saphon
1833	1833_Dossantos2006	saphon
1834	1834_Aikhenvald1998	saphon
1835	1835_Richards1977	saphon
1836	1836_Mansen2000	saphon
1836	1836_Mansen1972	saphon
1836	1836_Adelaar2004	saphon
1837	1837_Ramirez1992	saphon
1838	1838_Fast1953	saphon
1838	1838_Duff-Tripp1998	saphon
1839	1839_Mosonyi2000	saphon
1840	1840_Mujica1992	saphon
1841	1841_Sebastianetal2008	saphon
1842	1842_Schaueretal2000	saphon
1843	1843_Danielsen2007	saphon
1844	1844_Ottetal1967	saphon
1845	1845_Moranetal1977	saphon
1845	1845_Koop1988	saphon
1845	1845_Dixon2004	saphon
1846	1846_Ladefogedetal1997	saphon
1846	1846_Dixon2004	saphon
1847	1847_Dixon2004	saphon
1847	1847_Vogel1993	saphon
1848	1848_Adamsetal1976	saphon
1848	1848_Dixon2004	saphon
1849	1849_Chapmanetal1991	saphon
1849	1849_Dixon2004	saphon
1850	1850_Suzuki1997	saphon
1851	1851_Apaza2007	saphon
1852	1852_Hardman1966	saphon
1853	1853_Calvache2000	saphon
1854	1854_Floyd2010	saphon
1855	1855_Branks1973	saphon
1855	1855_Long1985	saphon
1855	1855_Vasquez2000	saphon
1856	1856_Moore1972	saphon
1856	1856_Moore1962	saphon
1856	1856_Curnowetal1998	saphon
1857	1857_Weberetal2001	saphon
1857	1857_Parker2000	saphon
1857	1857_Parker2001	saphon
1858	1858_Seifart2005	saphon
1859	1859_Waltonetal2000	saphon
1859	1859_Waltonetal1972	saphon
1860	1860_ValenzuelaGussenhoven2013	saphon
1861	1861_Barraza2005	saphon
1861	1861_Hartetal1976	saphon
1862	1862_Meira1998	saphon
1863	1863_Koehnetal1971	saphon
1864	1864_Ferreiraalvez2010	saphon
1865	1865_Meira2005	saphon
1866	1866_Meira2005	saphon
1867	1867_Renault-Lescure2009	saphon
1868	1868_Alvarez2003	saphon
1869	1869_Courtz2008	saphon
1870	1870_Robayomorenoetal2001	saphon
1871	1871_Derbyshire1985	saphon
1871	1871_Derbyshire1999	saphon
1872	1872_Pacheco2007	saphon
1873	1873_Souzacruz2005	saphon
1874	1874_Oquendo2004	saphon
1875	1875_Wallace1977	saphon
1876	1876_Meira2005	saphon
1877	1877_Abbott1991	saphon
1877	1877_Carson1981	saphon
1878	1878_Matteimuller2003	saphon
1879	1879_Caceres2007	saphon
1880	1880_Halletal1988	saphon
1881	1881_Pessoa2005	saphon
1881	1881_Cruz1995	saphon
1882	1881_Pessoa2006	saphon
1882	1882_Tuggy1989	saphon
1882	1882_Edwards1978	saphon
1882	1882_Pessoa2006	saphon
1883	1883_Matteimuller2003	saphon
1884	1884_Meira1999	saphon
1884	1884_Meira1998	saphon
1885	1885_Bruno2003	saphon
1886	1886_Hawkins1998	saphon
1886	1886_Derbyshire1999	saphon
1887	1887_Tavares2006	saphon
1888	1888_Matteimuller2003	saphon
1889	1889_Popky1999	saphon
1889	1889_BirchhallNULL	saphon
1890	1890_Everett1997	saphon
1891	1891_Landaburu2000	saphon
1892	1892_Mogollon2000	saphon
1893	1893_Adelaar2004	saphon
1894	1894_Malone2006	saphon
1895	1895_FischerNULL	saphon
1896	1896_Gawthorneetal1984	saphon
1897	1897_Adelaaretal2004	saphon
1898	1898_Amaya2000	saphon
1898	1898_Frank1993	saphon
1899	1899_Headland1997	saphon
1900	1900_Fonnegra2000	saphon
1901	1901_Adelaaretal2004	saphon
1902	1902_Mortensen1994	saphon
1903	1903_Aguirre-Licht1998	saphon
1904	1904_Hoyosbenitez2000	saphon
1905	1905_Harms1984	saphon
1905	1905_Harms1994	saphon
1906	1906_Adelaar2004	saphon
1907	1907_Viegas2005	saphon
1908	1908_Adelaaretal2004	saphon
1909	1909_Vallejos2010	saphon
1910	1910_Merchangalindo2000	saphon
1911	1911_Kondoetal1972	saphon
1911	1911_Kondo1984	saphon
1911	1911_Ardila2000	saphon
1912	1912_Keels1985	saphon
1912	1912_Tobar2000	saphon
1913	1913_Lobo-Guerrero2000	saphon
1914	1914_Najilis1966	saphon
1915	1915_Sandalo1997	saphon
1916	1916_Coriaetal2006	saphon
1916	1916_Grondona1998	saphon
1917	1917_Vidal2001	saphon
1918	1918_Klein1978	saphon
1919	1919_Messineo1988	saphon
1920	1920_Tripp1995	saphon
1921	1921_Alexander-Bakkerus2005	saphon
1922	1922_Lanaburu2000	saphon
1923	1923_Lev2012	saphon
1924	1924_Adelaaretal2004	saphon
1924	1924_Howard1972	saphon
1925	1925_Tuggy1981	saphon
1925	1925_Tuggy1992	saphon
1925	1925_Tuggy1966	saphon
1925	1925_Payne1981	saphon
1926	1926_Aikhenvaldetal1999	saphon
1927	1927_Meader1967	saphon
1928	1928_Crevels2002	saphon
1929	1929_Vandekerke2009	saphon
1930	1930_Viegasbarros2001	saphon
1931	1931_Stark1972	saphon
1932	1932_Haude2006	saphon
1933	1933_Lev_etal2013	saphon
1934	1934_Rojas1998	saphon
1935	1935_Giron2007	saphon
1936	1936_Alicea1975	saphon
1937	1937_Montesrodriguez2005	saphon
1938	1938_Tobar2000	saphon
1939	1939_Guiardello1999	saphon
1940	1940_Olawsky2006	saphon
1941	1941_Viegasbarros2001	saphon
1942	1942_Saintetal1962	saphon
1943	1943_Romero-Figueroa1997	saphon
1944	1944_Adelaaretal2004	saphon
1945	1945_Vangijn2006	saphon
1946	1946_Fast1975	saphon
1947	1947_Overall2007	saphon
1948	1948_Beasleyetal1957	saphon
1948	1948_Payne1981	saphon
1948	1948_Jackway1987	saphon
1949	1949_Adelaaretal2004	saphon
1949	1949_Overall2009	saphon
1950	1950_Bolanos2010	saphon
1951	1951_Mahecha2000	saphon
1952	1952_Dosanjos2011	saphon
1953	1953_Albuquerque2007	saphon
1953	1953_Oliveira2005	saphon
1954	1954_Arikapu2010	saphon
1955	1955_Nonato2008	saphon
1956	1956_Amadoetal2007	saphon
1957	1957_Sans2010	saphon
1958	1958_Amado2004	saphon
1959	1959_Postigo2009	saphon
1960	1960_Ribeiroetal2010	saphon
1961	1961_Neto2007	saphon
1962	1962_Ribeiro2001	saphon
1963	1963_Salanovaetal2011	saphon
1964	1964_Popjesetal1990	saphon
1964	1964_Popjesetal2009	saphon
1965	1965_Pessoa2012	saphon
1965	1965_Seki2000	saphon
1965	1965_Seki2004	saphon
1965	1965_Silva1985	saphon
1966	1966_Alves2004	saphon
1967	1967_Campos2009	saphon
1967	1967_Pereira1992	saphon
1968	1968_Oliveira2006	saphon
1969	1969_Dourado2001	saphon
1970	1970_Ferreira2003	saphon
1971	1971_Neto2007	saphon
1972	1972_Silva2005	saphon
1973	1973_Guedes1993	saphon
1974	1974_Camargo2010	saphon
1975	1975_Lima1995	saphon
1976	1976_Quintino2000	saphon
1976	1976_Deoliveira2007	saphon
1977	1977_Desouza2008	saphon
1977	1977_Desousa2007	saphon
1977	1977_Demattos1973	saphon
1978	1978_Gakran2005	saphon
1979	1979_Dasilva2011	saphon
1980	1980_Cavalcante1987	saphon
1981	1981_Gerzenstein1983	saphon
1981	1981_Gerzenstein1978	saphon
1982	1982_Gerzenstein1994	saphon
1983	1983_Campbell2007	saphon
1984	1984_Avram2008	saphon
1985	1985_Adelaaretal2004	saphon
1986	1986_Sakel2011	saphon
1987	1987_Sakel2011	saphon
1988	1988_Sakel2011	saphon
1989	1989_Everett1979	saphon
1989	1989_Everett1983	saphon
1990	1990_Martins2004	saphon
1991	1991_Epps2008	saphon
1992	1992_Barbosa2005	saphon
1993	1993_Martins2005	saphon
1994	1994_Tellesetal2011	saphon
1995	1995_Tellesetal2011	saphon
1996	1996_Eberhard2009	saphon
1997	1997_Antunesdearaujo2004	saphon
1998	1998_Osborn1948	saphon
1999	1999_Desouza2012	saphon
2000	2000_Elias-Ulloa2009	saphon
2001	2001_Zariquiey2011	saphon
2002	2002_Prost1967	saphon
2003	2003_Kensinger1963	saphon
2004	2004_Deaguiar1994	saphon
2004	2004_Barros1987	saphon
2005	2005_Sousa2004	saphon
2006	2006_Deoliveira2009	saphon
2007	2007_Ferreira2005	saphon
2008	2008_Fleck2003	saphon
2009	2009_Gomes2009	saphon
2009	2009_Okidoi2004	saphon
2010	2010_Gomes2010	saphon
2011	2011_Paula1992	saphon
2012	2012_Couto2010	saphon
2013	2013_Candido2004	saphon
2014	2014_Pike1962	saphon
2015	2015_Elias-Ulloa2010	saphon
2016	2016_Faust2002	saphon
2017	2017_Cruvinel2009	saphon
2018	2018_Anonymous2001	saphon
2019	2019_Pena2009	saphon
2020	2020_Liclan1990	saphon
2021	2021_Julca2009	saphon
2022	2022_Quesada2006	saphon
2023	2023_Chaparro1985	saphon
2024	2024_Parker2007	saphon
2025	2025_Taylor1982	saphon
2025	2025_Escribenstrisano1977	saphon
2026	2026_Changetal2010	saphon
2027	2027_Levinsohnetal2000	saphon
2028	2028_Mafflabilbao1976	saphon
2029	2029_Wroughton1996	saphon
2030	2030_Adelaar1977	saphon
2031	2031_Adelaar1977	saphon
2032	2032_Sotoruiz1976	saphon
2033	2033_Billsetal1969	saphon
2034	2034_Weber1989	saphon
2035	2035_Julca2009	saphon
2036	2036_Doherty2007	saphon
2036	2036_Coombsetal1976	saphon
2037	2037_Adelaaretal2004	saphon
2038	2038_Alderetes2001	saphon
2039	2039_Zariquiey2004	saphon
2040	2040_Changomasaquizaetal2008	saphon
2041	2041_Orretal1981	saphon
2042	2042_Mosonyi2000	saphon
2043	2043_Estradaramirez2000	saphon
2043	2043_Estradaramirez1996	saphon
2044	2044_Pitman1981	saphon
2045	2045_Guillaume2008	saphon
2046	2046_Vuillermet2006	saphon
2047	2047_Chavarria2012	saphon
2048	2048_Guillaume2012	saphon
2049	2049_Ottavianoetal1965	saphon
2050	2050_Gomez-Imbert1998	saphon
2050	2050_Jonesetal2009	saphon
2051	2051_Chacon2012	saphon
2051	2051_Morseetal1999	saphon
2051	2051_Fergusonetal2000	saphon
2052	2052_Silva2007	saphon
2053	2053_Waltzetal1972	saphon
2053	2053_Waltzetal1997	saphon
2053	2053_Waltzetal2000	saphon
2054	2054_Metzgeretal1973	saphon
2055	2055_Cooketal2001	saphon
2055	2055_Cooketal1993	saphon
2056	2056_Smothermonetal1995	saphon
2057	2057_Lev_etalNULL	saphon
2058	2058_Klumppetal1973	saphon
2059	2059_Johnsoneta1990	saphon
2060	2060_Wheeler2000	saphon
2060	2060_ChaconNULL	saphon
2061	2061_Criswelletal2000	saphon
2062	2062_Ardila2000	saphon
2063	2063_Gomez-Imbert1980	saphon
2063	2063_Whisleretal1976	saphon
2064	2064_Welchetal2000	saphon
2065	2065_Barnesetal1976	saphon
2066	2066_Stolteetal1976	saphon
2067	2067_Kinchetal2000	saphon
2068	2068_Roessler2008	saphon
2069	2069_Aragonetal2005	saphon
2070	2070_Sampaio1998	saphon
2071	2071_Padua2007	saphon
2072	2072_Alves2008	saphon
2073	2073_Nicholson1982	saphon
2073	2073_Nicholson1978	saphon
2073	2073_Pereira2009	saphon
2074	2074_Nicholson2009	saphon
2075	2075_Borges2006	saphon
2076	2076_Drude2011	saphon
2077	2077_Dietrich1986	saphon
2078	2078_Dietrich1986	saphon
2079	2079_Rose2003	saphon
2080	2080_Moore1984	saphon
2081	2081_Nascimento2008	saphon
2081	2081_Magalhaes2002	saphon
2081	2081_Magalhaes2007	saphon
2082	2082_Bendor-Samuel1972	saphon
2082	2082_Nascimento-2008	saphon
2083	2083_Dooley2006	saphon
2083	2083_Martins2003	saphon
2083	2083_Dooley2008	saphon
2084	2084_Walker1999	saphon
2084	2084_Krivosheindecanese2000	saphon
2085	2085_Ureyu2003	saphon
2086	2086_Abrahamsonetal1984	saphon
2087	2087_Fargetti1992	saphon
2088	2088_Garcialopes2009	saphon
2089	2089_Cardoso2008	saphon
2089	2089_Bridgeman1961	saphon
2090	2090_Seki2000	saphon
2091	2091_Everett2007	saphon
2091	2091_Storto1999	saphon
2092	2092_Gabas1998	saphon
2093	2093_Souza2004	saphon
2094	2094_Mendesjunior2007	saphon
2095	2095_Braga1992	saphon
2096	2096_Picanco2005	saphon
2097	2097_Moore1993	saphon
2098	2098_Ohaganetal2010	saphon
2099	2099_Cardoso2008	saphon
2100	2100_daSilva2003	saphon
2101	2101_Moore1993	saphon
2102	2102_daSilva2005	saphon
2103	2103_Meer1982	saphon
2104	2104_Gonzalez2005	saphon
2105	2105_Praca2007	saphon
2106	2106_Duarte2003	saphon
2107	2107_Sampaio1998	saphon
2108	2108_Alves2004	saphon
2109	2109_Moore1993	saphon
2110	2110_Sampaio1998	saphon
2111	2111_Jensen1984	saphon
2112	2112_Jensen1984	saphon
2113	2113_Vasconcelos2008	saphon
2114	2114_Rodrigues1995	saphon
2115	2115_Cabral2009	saphon
2116	2116_Priestetal1985	saphon
2116	2116_Priest1967	saphon
2117	2117_Villafane2004	saphon
2118	2118_Vandevoort2010	saphon
2119	2119_Rocha2010	saphon
2120	2120_Vileradiaz1985	saphon
2121	2121_Bacelar2004	saphon
2122	2122_Dequeiroz2012	saphon
2122	2122_Dequeiroz2008	saphon
2123	2123_Adelaaretal2004	saphon
2124	2124_Voort2000	saphon
2124	2124_Vandervoort2004	saphon
2125	2125_Mosonyi2000	saphon
2126	2126_Olson1967	saphon
2127	2127_Muysken2000	saphon
2128	2128_Minoretal1976	saphon
2129	2129_Petersenetal2000	saphon
2130	2130_Echeverri2012	saphon
2131	2131_Agnew1957	saphon
2131	2131_Hockett1959	saphon
2132	2132_Gomez1990	saphon
2133	2133_Borgman1990	saphon
2134	2134_Migliazza1972	saphon
2135	2135_Aikhenvald1999	saphon
2136	2136_Huntington2012	saphon
2137	2137_Bertinetto2009	saphon
2138	2138_Peeke1959	saphon
2139	2139_LevWautersBeierNULL	saphon
2139	2139_Rich1999	saphon
2139	2139_Rich1963	saphon
2140	2140_Michael2009	saphon
2141	2141_LevWautersBeierNULL	saphon
2141	2141_Wise2005	saphon
2142	2142_Costa2003	saphon
2142	2142_Costa2007	saphon
2143	2143_Gonzalezdeperez2000	saphon
2144	2144_Viegas2005	saphon
2145	2145_Buettner1983	saphon
2146	2146_FerreiraNULL	saphon
2147	2147_FerreiraNULL	saphon
2147	2147_Ramirez1999	saphon
2148	2148_FerreiraNULL	saphon
2149	2149_FerreiraNULL	saphon
2149	2149_Ramirez1994a	saphon
2150	2150_FerreiraNULL	saphon
2151	2151_FerreiraNULL	saphon
2151	2151_Lizot1996	saphon
2152	2152_Tallman2012	saphon
2153	2153_Hildebrandt1958	saphon
2154	2154_Meira2003	saphon
2154	2154_Oquendo2004	saphon
2155	2155_RoseNULL	saphon
2156	amh_hayward1992	uz
2157	arb_thelwall1990	uz
2158	aer_breen2005	uz
2159	asm_mahanta2012	uz
2160	bcj_bowern2012	uz
2161	eus_hualde2010	uz
2162	ben_khan2010	uz
2163	bul_ternes1990	uz
2164	mya_watkins2001	uz
2165	hak_lee2009	uz
2166	yue_zee1991	uz
2167	dan_gronnum1998	uz
2168	dik_remijsen2009	uz
2169	nld_verhoeven2005	uz
2170	nld_peters2006	uz
2171	nld_gussenhoven1999	uz
2172	nld_heijmans1998	uz
2173	nld_verhoeven2007	uz
2174	nld_peters2010	uz
2175	eng_ladefoged1989	uz
2176	eng_hillenbrand2003	uz
2177	eng_cox2007	uz
2178	eng_watson2007	uz
2179	eng_bauer2007	uz
2180	eng_watt2003	uz
2181	est_asu2009	uz
2182	fra_fougeron1993	uz
2183	kat_shosted2006	uz
2184	deu_kohler1990	uz
2185	gsw_fleischer2006	uz
2186	ell_1arvaniti1999	uz
2187	ell_2arvaniti1999	uz
2188	hau_schuh1993	uz
2189	heb_laufer1990	uz
2190	hin_ohala1994	uz
2191	hun_szende1994	uz
2192	ibo_ikekeonwu1991	uz
2193	gle_ni_chasaide1995	uz
2194	lad_hualde2011	uz
2195	ita_bertinetto2005	uz
2196	jpn_okada1991	uz
2197	kor_lee1993	uz
2198	kun_ashkaba1999	uz
2199	ers_chirkova2013	uz
2200	ltz_gilles2013	uz
2201	mhe_kruspe2009	uz
2202	mkv_guerin2009	uz
2203	nrb_dawd2002	uz
2204	nep_khatiwada2009	uz
2205	pes_majidi1991	uz
2206	por_cruz-ferreira1995	uz
2207	por_barbosa2004	uz
2208	sml_pallesen2012	uz
2209	slk_hanulikova2010	uz
2210	spa_martinez-celdra2003	uz
2211	nsm_teo2012	uz
2212	tsg_soderberg2012	uz
2213	tem_kanu2010	uz
2214	ttr_tench2007	uz
2215	tha_tingsabadh-abramsonadh1993	uz
2216	trq_dicanio2010	uz
2217	tur_zimmer-orgun1992	uz
2218	zai_pickett2010	uz
2219	bhh_ido2014	uz
2220	ker_pearce2011	uz
2221	zum_anonby2011	uz
2222	coa_soderberg2014	uz
2223	zsm_clynes2011	uz
2224	pdt_cox2013	uz
2225	kxd_soderberg2014	uz
2226	pjt_tabain2014	uz
2227	psi_lamuwal2013	uz
2228	rmy_adamou2014	uz
2229	shi_ridouane2014	uz
2230	sxg_1chirkova2013	uz
2231	sxg_2chirkova2013	uz
2232	sxu_khan2013	uz
2233	vie_kirby2011	uz
2234	sje_Wilbur2014_phon	uz
2235	sme_BallsOddenRich2005	uz
2236	Bickel2016Belhare	uz
2237	huz_VanDenBerg1995	uz
2238	evn_Maddieson2016	uz
2239	mortensen2004preliminaries	ea
2240	128913	ea
2241	142491	ea
2242	117351	ea
2243	87303	ea
2244	180611	ea
2245	87303	ea
2246	119296	ea
2247	131233	ea
2248	hebedova2013struvcna	ea
2249	anonby2014bakhtiari	ea
2250	mccarus1997kurdish	ea
2251	305982	ea
2252	jones2003cambridge	ea
2253	47932	ea
2254	307751	ea
2255	63191	ea
2256	82665	ea
2257	151668	ea
2258	477463	ea
2259	KarimzadShosted2015	ea
2260	Kuruch1985	ea
2261	yanushevskaya2015russian	ea
2262	gle_ni_chasaide1995	ea
2263	nagano1983historical	ea
2264	sarma1989tribal	ea
2265	dan_gronnum1998	ea
2266	bhh_ido2014	ea
2267	102787	ea
2268	Idrisov2013	ea
2269	fra_fougeron1993	ea
2270	Paxalina1959	ea
2271	Nikolaev1995	ea
2272	gsw_fleischer2006	ea
2273	142491	ea
2274	ces_simackova2012	ea
2275	158540	ea
2276	Arsakhanov1969	ea
2277	107876	ea
2278	alves1999convenccao	ea
2279	Nikolaev1995	ea
2280	120041	ea
2281	hoberman1997aramaic	ea
2282	180611	ea
2283	testen1997ossetic	ea
2283	phoible2283	ea
2284	311968	ea
2284	phoible2284	ea
2285	taylor1969study	ea
2286	maslova2003tundra	ea
2286	phoible2286	ea
2286	Nikolaeva2006	ea
2287	lee1989korean	ea
2288	Novikov1980	ea
2288	aralova2015vowel	ea
2289	Grunberg1972	ea
2290	andronov1980brahui	ea
2290	elfenbein1997brahui	ea
2291	Menovshchikov1964	ea
2292	tsumagari2009sketch	ea
2293	israel1979grammar	ea
2294	georg1996marphatan	ea
2295	477414	ea
2296	Latliiev1971	ea
2297	Volodin1976a	ea
2298	huang2004reference	ea
2299	regmi2012grammar	ea
2300	307751	ea
2301	117351	ea
2302	100378	ea
2303	MonroyHernandez-Campoy2015	ea
2304	schmid1992	ea
2304	97522	ea
2305	474430	ea
2305	124122	ea
2306	83722	ea
2307	123121	ea
2308	frias2001introduccion	ea
2309	yue_zee1991	ea
2310	476998	ea
2311	smith2010placing	ea
2312	142950	ea
2313	81810	ea
2314	77494	ea
2315	68033	ea
2316	180611	ea
2317	Sanjay1962	ea
2317	Radnaeva2005	ea
2318	Dayletov2006	ea
2319	16137	ea
2320	77494	ea
2321	elfenbein1997pahsto	ea
2322	elfenbein1997pahsto	ea
2323	hak_lee2009	ea
2323	hashimoto1973	ea
2324	testen1997ossetic	ea
2324	phoible2283	ea
2325	319874	ea
2326	Marcus2011	ea
2327	hongladarom1996rgyalthang	ea
2328	schwieger1989tibetisches	ea
2329	maddieson1996main	ea
2330	ritchie2012some	ea
2331	Intercession1964	ea
2332	elfenbein1997pahsto	ea
2333	77494	ea
2334	fur_miotti2002	ea
2335	anderson1997lak	ea
2336	curry2004small	ea
2337	ltz_gilles2013	ea
2338	mya_watkins2001	ea
2339	steever1998malto	ea
2340	11989	ea
2341	307751	ea
2342	126269	ea
2343	322347	ea
2344	54948	ea
2344	69191	ea
2345	elfenbein1997balochi	ea
2346	chirkova2005baima	ea
2346	69191	ea
2347	mhe_kruspe2009	ea
2348	elfenbein1997balochi	ea
2349	testelets2009aspekty	ea
2350	69191	ea
2351	testen1997ossetic	ea
2351	phoible2283	ea
2352	ers_chirkova2013	ea
2353	Cockroaches1959	ea
2354	Coelho2003BettaKurumba	ea
2355	134811	ea
2356	36484	ea
2357	152503	ea
2358	klippenstein2010word	ea
2358	camaj1984albanian	ea
2359	474429	ea
2360	morse1963phonology	ea
2360	morse1988short	ea
2361	gedney1993william	ea
2362	Muravyova_etal2001	ea
2363	Friedman2001	ea
2364	474436	ea
2365	tsg_soderberg2012	ea
2366	101891	ea
2367	gedney1994william	ea
2368	Boyadzhiev1999	ea
2368	Boyadzhiev1999	ea
2368	bul_ternes1990	ea
2369	108985	ea
2370	150394	ea
2371	307751	ea
2372	seltina2000	ea
2373	122362	ea
2374	305144	ea
2375	arg_Mott2007_phon	ea
2376	kaksin2007	ea
2377	88511	ea
2377	elfenbein1997brahui	ea
2378	159017	ea
2379	69191	ea
2380	delancey2003lhasa	ea
2381	304242	ea
2382	55109	ea
2383	132955	ea
2384	Lytkin1961	ea
2385	77494	ea
2386	Solntsev1990	ea
2387	krishnamurti1998telugu	ea
2388	genetti2003dolakha	ea
2389	testen1997ossetic	ea
2389	phoible2283	ea
2390	Desheriev1953a	ea
2391	319586	ea
2392	Tuite1998	ea
2393	hall2008phonological	ea
2394	michailovsky1988lost	ea
2395	georg2007descriptive	ea
2396	306367	ea
2397	86376	ea
2398	hall2000phonologie	ea
2399	33595	ea
2400	Cockroaches1959	ea
2401	Frost2012	ea
2402	83014	ea
2403	nevins2003consonant	ea
2404	305826	ea
2405	nld_gussenhoven1999	ea
2406	jones1984distinctive	ea
2407	jacques2004phonologie	ea
2408	testen1997ossetic	ea
2408	phoible2283	ea
2409	87744	ea
2410	89893	ea
2411	kretschmar1986erzahlungen	ea
2412	75953	ea
2413	142491	ea
2414	77494	ea
2415	310306	ea
2416	68472	ea
2417	87744	ea
2418	80579	ea
2419	11989	ea
2420	sun2003phonological	ea
2421	herrmann1989erzahlungen	ea
2422	77494	ea
2423	gedney1994william	ea
2424	testen1997ossetic	ea
2424	phoible2283	ea
2425	lloret2011fonologia	ea
2426	77494	ea
2427	kramer2009phonology	ea
2428	14459	ea
2429	17377	ea
2430	Rubrico1998	ea
2431	elfenbein1997pahsto	ea
2432	testen1997ossetic	ea
2432	phoible2283	ea
2433	145248	ea
2434	Desheriev1967	ea
2435	474439	ea
2436	87744	ea
2437	snd_nihalani1995	ea
2438	shkurtaj2006ligjerimet	ea
2439	hyslop2011grammar	ea
2440	Mahomedbekova1971	ea
2441	kristoffersen2000phonology	ea
2442	juva2002voro	ea
2442	Teras2003	ea
2443	chitoran2002phonology	ea
2444	Tolkov2011Sakha	ea
2445	123627	ea
2446	Zaykov1999	ea
2447	slk_hanulikova2010	ea
2448	88530	ea
2449	Bolozky1997hebrew	ea
2450	salminen2007notes	ea
2451	11667	ea
2452	mistry1997gujarati	ea
2453	90158	ea
2454	88419	ea
2455	greenberg2006short	ea
2456	154006	ea
2456	rangan1979purki	ea
2457	cmn_lee2003_phon	ea
2458	arvaniti2007greek	ea
2459	116412	ea
2460	Lytkin1955	ea
2461	128521	ea
2462	vie_kirby2011	ea
2463	114022	ea
2464	todaeva1951	ea
2465	kibrik1990	ea
2466	kaye1997hindi	ea
2467	kibrik1990	ea
2468	312928	ea
2469	107760	ea
2470	318827	ea
2471	82626	ea
2472	77494	ea
2473	sapir2006elfdalian	ea
2474	Jacques2011	ea
2475	103074	ea
2476	testen1997ossetic	ea
2476	phoible2283	ea
2477	117351	ea
2478	romieu2005gramatica	ea
2479	39396	ea
2479	bhatia1993	ea
2480	ces_simackova2012	ea
2481	KrishnamurtiBenham1998konda	ea
2482	83014	ea
2483	133055	ea
2484	thackston2006kurmanji	ea
2485	148205	ea
2486	evans2006vowel	ea
2487	shkurtaj2006ligjerimet	ea
2488	180611	ea
2489	causemann1989dialekt	ea
2490	Zaitseva1981	ea
2491	kato2012myeik	ea
2492	77494	ea
2493	180611	ea
2494	318887	ea
2495	110921	ea
2496	77494	ea
2497	sje_Wilbur2014_phon	ea
2498	elfenbein1997balochi	ea
2499	moren2006consonant	ea
2500	Ahmerov1958	ea
2501	117351	ea
2502	makley1999amdo	ea
2503	buk2008some	ea
2504	kretschmar1995erzahlungen	ea
2505	306314	ea
2506	142491	ea
2507	gedney1994william	ea
2508	raza2004phonemic	ea
2509	testen1997ossetic	ea
2509	phoible2283	ea
2510	142411	ea
2511	82056	ea
2512	Arsakhanov1969	ea
2513	11180	ea
2514	Pakhalina1975	ea
2515	eng_watson2007	ea
2516	arias_2009_13063	ea
2517	77494	ea
2518	77494	ea
2519	suzuki2011dialectal	ea
2520	windfuhr1997persian	ea
2521	se2000gaeilge	ea
2522	100639	ea
2523	Tenishev1976	ea
2524	91629	ea
2525	chirkova:hal-00553057	ea
2526	474431	ea
2527	309735	ea
2528	478668	ea
2529	Anoso2012	ea
2530	matras2012grammar	ea
2531	77494	ea
2532	142491	ea
2533	chirkova_etal2015	ea
2534	sun2007perfective	ea
2535	suomi2008finnish	ea
2536	Nasibullin1978	ea
2537	asadi2014phonetic	ea
2538	steever1998gondi	ea
2539	chirkova2009shixing	ea
2540	Rassadin1971	ea
2541	Ermakova1973	ea
2541	SewcSchuster1984	ea
2542	kaye1997hindi	ea
2543	bhaskararao1998gadaba	ea
2544	poudel2006dhankute	ea
2545	elfenbein1997balochi	ea
2546	bolognesi1998phonology	ea
2547	bhat1998tulu	ea
2548	69191	ea
2549	422691	ea
2549	Magomedov1974	ea
2550	475848	ea
2551	71260	ea
2552	312928	ea
2553	sun2006special	ea
2554	swe_engstrand1990	ea
2555	lloret2011fonologia	ea
2556	117351	ea
2557	gosy2004fonetika	ea
2558	haller2000dialekt	ea
2559	asher1997malayalam	ea
2560	69191	ea
2561	anderson1997burushaski	ea
2562	Peng2011	ea
2563	benjamin1976outline	ea
2564	sxu_khan2013	ea
2565	Fri1973	ea
2566	feist2011grammar	ea
2567	diffloth1976jah	ea
2568	Hoskuldur1994	ea
2569	viktor2011dialect	ea
2570	nikolaeva2001grammar	ea
2571	arias_2009_13063	ea
2572	21489	ea
2573	77494	ea
2574	Arsakhanov1969	ea
2575	Mayshev1940	ea
2576	griffiths2008gutob	ea
2577	anderson1997burushaski	ea
2578	bradley2003lisu	ea
2579	Iskhakov1961	ea
2580	Mahomedbekova1971	ea
2581	142491	ea
2582	82626	ea
2583	11989	ea
2584	iosad2013representation	ea
2585	ding2014grammar	ea
2586	elfenbein1997pahsto	ea
2587	Suzuki2010	ea
2588	117351	ea
2589	elfenbein1997pahsto	ea
2590	testen1997ossetic	ea
2591	bartee2007grammar	ea
2592	klippenstein2010word	ea
2592	camaj1984albanian	ea
2593	nau2011short	ea
2593	leikuma2003latgalivsu	ea
2594	lloret2011fonologia	ea
2595	Gray1994	ea
2596	spence1985vowels	ea
2596	spence1987phonologie	ea
2597	haiman2011cambodian	ea
2597	wayland1998acoustic	ea
2598	goswami2003chapter	ea
2599	Sanjay1940	ea
2600	ray1965kham	ea
2601	ladefoged1998phonetic	ea
2602	hannusch1998niedersorbisch	ea
2603	83014	ea
2604	ostaszewska2000fonetyka	ea
2605	126477	ea
2606	154046	ea
2607	67053	ea
2608	124761	ea
2609	comrie1997tartar	ea
2610	gordon2006phonetic	ea
2611	annamalai1998tamil	ea
2612	comrie1997uyghur	ea
2613	anderson1997burushaski	ea
2614	haller2004dialekt	ea
2615	11989	ea
2616	316208	ea
2617	85323	ea
2618	elfenbein1997balochi	ea
2619	regueira2010dicionario	ea
2620	88009	ea
2620	hildebrandt2004grammar	ea
2620	hildebrandt2005phonetic	ea
2621	320141	ea
2622	elfenbein1997balochi	ea
2623	emiliano2009fonetica	ea
2624	barman2011contrastive	ea
2625	103697	ea
2626	testen1997ossetic	ea
2626	phoible2283	ea
2629	green_sketch_1987	er
2630	rumsey_bunuba_2000	er
2631	mcgregor_functional_1990	er
2632	zandvoort_grammar_1999	er
2633	birk_phonology_1975	er
2634	mansfield_polysynthetic_2014	er
2635	reid_ngangityemerri:_1990	er
2636	ford_phonology_1990	er
2637	tryon_daly_1974	er
2638	nambatu_marri_2009	er
2639	green_marrithiyel:_1989	er
2640	nambatu_marri_2009	er
2641	ford_description_1998	er
2642	capell_laragia_1984	er
2643	harvey_grammar_2001	er
2644	davies_umbugarla:_1989	er
2645	mushin_grammar_2012	er
2646	breen_wanyi_2003	er
2647	breen_wanyi_2003	er
2648	campbell_sketch_2006	er
2649	campbell_sketch_2006	er
2650	campbell_sketch_2006	er
2651	van_egmond_enindhilyakwa_2012	er
2652	evans_first_2004	er
2653	harvey_grammar_2002	er
2654	baker_word_2008	er
2655	heath_ngandi_1978	er
2656	evans_bininj_2003	er
2657	evans_bininj_2003	er
2658	evans_bininj_2003	er
2659	evans_bininj_2003	er
2660	evans_bininj_2003	er
2661	evans_bininj_2003	er
2662	merlan_jawoyn-english_2005	er
2663	mckay_rembarnga_2011	er
2664	harvey_ngoni_1986	er
2665	heath_functional_1984	er
2666	handelsmann_towards_1991	er
2667	evans_iwaidja_1988	er
2668	evans_iwaidja_1988	er
2669	singer_agreement_2006	er
2670	evans_iwaidja_1988	er
2671	evans_iwaidja_1988	er
2672	evans_iwaidja_1988	er
2673	kofod_miriwung_1978	er
2674	taylor_tentative_1971	er
2675	parish_aspects_1983	er
2676	mckay_ndjebbana_2000	er
2677	green_grammar_1995	er
2678	eather_grammar_1990	er
2679	heath_basic_1981	er
2680	heath_basic_1980-1	er
2681	sharpe_alawa_1972	er
2682	merlan_mangarayi_1989	er
2683	schultze-berndt_simple_2000	er
2684	schultze-berndt_simple_2000	er
2685	bolt_elementary_1971	er
2686	osgarby_nominal_2014	er
2687	pensalfini_grammar_2003	er
2688	chadwick_west_1978	er
2689	aguas_gudanji_1968	er
2690	nordlinger_grammar_1998	er
2691	evans_minkin_1990	er
2692	mcgregor_nyulnyul_1996	er
2693	stokes_description_1982	er
2694	mcgregor_warrwa_1994	er
2695	hosokawa_yawuru_1991	er
2696	hosokawa_yawuru_1991	er
2697	bowern_grammar_2013	er
2698	mcgregor_nyulnyul_1996	er
2699	mcgregor_nyulnyul_1996	er
2700	mcgregor_nyulnyul_1996	er
2701	mcgregor_nyulnyul_1996	er
2702	breen_wonders_2001	er
2703	green_central_2010	er
2704	green_central_2010	er
2705	breen_wonders_2001	er
2706	breen_wonders_2001	er
2707	breen_wonders_2001	er
2708	breen_wonders_2001	er
2709	breen_wonders_2001	er
2710	breen_wonders_2001	er
2711	turpin_kaytetye_2012	er
2712	sharpe_grammar_2005	er
2713	geytenbeek_gidabal_1971	er
2714	jefferies_guwar_2011	er
2715	sharpe_grammar_2005	er
2716	crowley_middle_1978	er
2717	blake_bunganditj_2003	er
2718	blake_warrnambool_2003	er
2719	giacon_grammar_2014	er
2720	oates_muruwari_1988	er
2721	donaldson_ngiyambaa:_1980	er
2722	donaldson_ngiyambaa:_1980	er
2723	wafer_handbook_2008	er
2724	giacon_grammar_2014	er
2725	williams_grammar_1980	er
2726	williams_grammar_1980	er
2727	blake_dhudhuroa_2002	er
2728	jefferies_guwar_2011	er
2729	jefferies_guwar_2011	er
2730	jefferies_guwar_2011	er
2731	jefferies_guwar_2011	er
2732	dixon_dyirbal_1972	er
2733	dixon_wargamay_1981	er
2734	hoddinott_ba:nbai_1967	er
2735	eades_gumbaynggir_1979	er
2736	crowley_yaygir_1979	er
2737	blake_guwa_1990	er
2738	breen_salvage_1990	er
2739	blake_kalkatungu_1979	er
2740	breen_grammar_2007	er
2741	deak_bayungu_2008	er
2742	burgman_burduna_2007	er
2743	deak_thalanyji_2008	er
2744	austin_jiwarli_2006	er
2745	austin_dictionary_1992-1	er
2746	austin_reference_2015	er
2747	austin_reference_2015	er
2748	breen_taps_1997	er
2749	austin_grammar_1981	er
2750	austin_grammar_1981	er
2751	austin_karangura_1991	er
2752	breen_taps_1997	er
2753	breen_taps_1997	er
2754	breen_innamincka_2004	er
2755	bowern_nhirrpi_2002	er
2756	breen_innamincka_2004	er
2757	hercus_yarluyandi_nodate	er
2758	holmer_linguistic_1983	er
2759	mcdonald_basic_1979	er
2760	mcdonald_basic_1979	er
2761	hercus_grammar_1994	er
2762	hercus_grammar_1994	er
2763	blake_pitta-pitta_1979	er
2764	blake_pitta-pitta_1979	er
2765	breen_salvage_1990	er
2766	breen_salvage_1990	er
2767	holmer_linguistic_1983	er
2768	dunn_badimaya_1988	er
2769	gargett_salvage_2011	er
2770	blevins_nhanda:_2001	er
2771	mackman_wajarri_2012	er
2772	dench_yingkarta_1998	er
2773	blake_colac_1998	er
2774	blake_woiwurrung:_1991	er
2775	blake_woiwurrung:_1991	er
2776	blake_wathawurrung:_1998	er
2777	blake_woiwurrung:_1991	er
2778	horgen_languages_2004	er
2779	blake_mathi_2011	er
2780	hercus_victorian_1986	er
2781	blake_mathi_2011	er
2782	blake_dialects_2011	er
2783	blake_dialects_2011	er
2784	hercus_note_1978	er
2785	blake_dialects_2011	er
2786	hercus_victorian_1986	er
2787	hercus_victorian_1986	er
2788	wafer_handbook_2008	er
2789	fesl_ganai:_1985	er
2790	fesl_ganai:_1985	er
2791	fesl_ganai:_1985	er
2792	horgen_languages_2004	er
2793	horgen_languages_2004	er
2794	horgen_languages_2004	er
2795	mcdonald_study_2002	er
2796	horgen_languages_2004	er
2797	breen_bidyara_1973	er
2798	terrill_biri_1998	er
2799	terrill_biri_1998	er
2800	terrill_biri_1998	er
2801	terrill_biri_1998	er
2802	terrill_biri_1998	er
2803	terrill_biri_1998	er
2804	terrill_biri_1998	er
2805	terrill_biri_1998	er
2806	terrill_biri_1998	er
2807	terrill_biri_1998	er
2808	terrill_biri_1998	er
2809	terrill_biri_1998	er
2810	terrill_biri_1998	er
2811	terrill_biri_1998	er
2812	breen_salvage_1990	er
2813	terrill_dharumbal:_2002	er
2814	breen_bidyara_1973	er
2815	holmer_linguistic_1983	er
2816	breen_margany_1981	er
2817	breen_margany_1981	er
2818	sutton_gugu-badhun_1973	er
2819	sutton_gugu-badhun_1973	er
2820	tsunoda_grammar_2011	er
2821	breen_salvage_1990	er
2822	terrill_biri_1998	er
2823	breen_bidyara_1973	er
2824	breen_salvage_1990	er
2825	mckelson_karajarri_1989	er
2826	sharp_nyangumarta:_2004	er
2827	ogrady_nyangumata_1963	er
2828	breen_problems_1992	er
2829	breen_mayi_1981	er
2830	breen_mayi_1981	er
2831	breen_mayi_1981	er
2832	breen_mayi_1981	er
2833	breen_mayi_1981	er
2834	breen_mayi_1981	er
2835	ogrady_languages_1966	er
2836	ogrady_languages_1966	er
2837	ogrady_languages_1966	er
2838	ogrady_languages_1966	er
2839	wangka_maya_pilbara_aboriginal_language_centre_kariyarra_2001	er
2840	wangka_maya_pilbara_aboriginal_language_centre_kurrama_2001	er
2841	dench_martuthunira_1995	er
2842	westerlund_grammatical_2015	er
2843	kohn_morphological_2011	er
2844	ogrady_languages_1966	er
2845	burgman_nyamal_2007	er
2846	ogrady_languages_1966	er
2847	ogrady_palyku_1997	er
2848	dench_panyjima_1991	er
2849	wordick_yindjibarndi_1982	er
2850	wangka_maya_pilbara_aboriginal_language_centre_yinhawangka_2008	er
2851	meakins_bilinarra_2013	er
2852	senge_grammar_2015	er
2853	meakins_gurindji_2013	er
2854	tsunoda_djaru_1981	er
2855	ise_grammatical_1999	er
2856	nash_mudburra_1988	er
2857	jagst_ngardilpa_1975	er
2858	meakins_bilinarra_2013	er
2859	hudson_core_1978	er
2860	nash_topics_1986	er
2861	nash_topics_1986	er
2862	dixon_nyawaygi_1983	er
2863	donohue_wulguru:_2007	er
2864	douglas_aboriginal_1976	er
2865	douglas_aboriginal_1976	er
2866	douglas_aboriginal_1976	er
2867	douglas_aboriginal_1976	er
2868	douglas_aboriginal_1976	er
2869	douglas_aboriginal_1976	er
2870	douglas_aboriginal_1976	er
2871	douglas_aboriginal_1976	er
2872	douglas_aboriginal_1976	er
2873	douglas_aboriginal_1976	er
2874	douglas_aboriginal_1976	er
2875	hercus_bagandji_1982	er
2876	hercus_bagandji_1982	er
2877	blake_pallanganmiddang:_1999	er
2878	sommer_ikarranggal_1999	er
2879	sutton_diversity_1976	er
2880	jolly_aghu_1989	er
2881	rigsby_kuku-thaypan_1976	er
2882	sommer_kunjen_1969	er
2883	sommer_kunjen_1969	er
2884	crowley_mpakwithi_1981	er
2885	patz_grammar_2002	er
2886	haviland_guugu_1979	er
2887	patz_grammar_2002	er
2888	patz_grammar_2002	er
2889	patz_grammar_2002	er
2890	patz_djabugay_1991	er
2891	dixon_grammar_1977	er
2892	sutton_draft_1995	er
2893	patz_grammar_2002	er
2894	verstraete_mbarrumbathama_2018	er
2895	godman_sketch_1993	er
2896	sayers_interpenetration_1976	er
2897	sutton_wik-ngathan_1995	er
2898	verstraete_grammar_2015	er
2899	smith_kugu_2000	er
2900	thompson_kuuku_1976	er
2901	hamilton_pakanh_1997	er
2902	ogrady_wadjuk_1990	er
2903	verstraete_grammar_2015	er
2904	breen_introduction_1976	er
2905	black_kurtjar_1986	er
2906	black_norman_1980	er
2907	black_norman_1980	er
2908	hale_linngithigh_1997	er
2909	hale_phonological_1976-1	er
2910	hale_phonological_1976-1	er
2911	fletcher_thanakupis_2007	er
2912	hale_linngithigh_1997	er
2913	hale_phonological_1976-1	er
2914	hale_phonological_1976-1	er
2915	hale_phonological_1976-1	er
2916	hale_phonological_1976-1	er
2917	hale_phonological_1976	er
2918	crowley_uradhi_1983	er
2919	crowley_uradhi_1983	er
2920	crowley_uradhi_1983	er
2921	hale_phonological_1976-1	er
2922	sommer_kok_1999	er
2923	gaby_grammar_2017	er
2924	sommer_kunjen_1969	er
2925	alpher_yir-yoront_1991	er
2926	sutton_diversity_1976	er
2927	sutton_diversity_1976	er
2928	dixon_mbabaram_1991	er
2929	verstraete_umbuygamu_2017-1	er
2930	sommer_kunjen_1969	er
2931	schebeck_texts_1974	er
2932	amery_kulurdu_2013	er
2933	hercus_nukunu_1992	er
2934	hercus_grammar_1999	er
2935	ogrady_two_2001	er
2936	eira_fragments_2010	er
2937	platt_outline_1972	er
2938	holmer_linguistic_1983	er
2939	holmer_linguistic_1983	er
2940	bell_sketch_2003	er
2941	holmer_linguistic_1983	er
2942	holmer_linguistic_1983	er
2943	kite_duungidjawu_2004	er
2944	holmer_linguistic_1983	er
2945	holmer_linguistic_1983	er
2946	breen_bularnu_1988	er
2947	breen_wakaya_1974	er
2948	breen_warluwarra_2015	er
2949	breen_wakaya_1974	er
2950	kirton_seven_1978	er
2951	simpson_learners_2002	er
2952	marsh_grammar_1976	er
2953	burgman_manyjilyjarra-english_2009	er
2954	wangka_maya_pilbara_aboriginal_language_centre_putijarra-english_2004	er
2955	jones_grammar_2011	er
2956	burridge_yulparija_1996	er
2957	ogrady_languages_1966	er
2958	ogrady_languages_1966	er
2959	hansen_core_1978	er
2960	ogrady_languages_1966	er
2961	ogrady_languages_1966	er
2962	glass_pitjantjatjara_1970	er
2963	huttar_notes_1976	er
2964	glass_pitjantjatjara_1970	er
2965	goddard_grammar_1985	er
2966	hunter_language_2011	er
2967	hunter_language_2011	er
2968	hercus_maljangapa-wadigali_1989	er
2969	hercus_yarli_2004	er
2970	hercus_yarli_2004	er
2971	wood_yuulngu_1978	er
2972	wilkinson_djambarrpuyngu_1991	er
2973	wood_yuulngu_1978	er
2974	wilkinson_djambarrpuyngu_1991	er
2975	wilkinson_djambarrpuyngu_1991	er
2976	waters_djinang_1980	er
2977	waters_djinang_1989	er
2978	wilkinson_djambarrpuyngu_1991	er
2979	heath_basic_1980	er
2980	bowe_yorta_1999	er
2981	hercus_victorian_1986	er
2982	wafer_handbook_2008	er
2983	wafer_handbook_2008	er
2984	jones_darkinyung_2008	er
2985	troy_sydney_1992	er
2986	troy_sydney_1992	er
2987	lissarrague_salvage_2006	er
2988	blake_dialects_2011	er
2989	lissarrague_grammar_2010	er
2990	crowley_phonological_1976	er
2991	lissarrague_dhanggati_2007	er
2992	morphy_djapu_1983	er
2993	besold_language_2013	er
2994	besold_language_2013	er
2995	besold_language_2013	er
2996	besold_language_2013	er
2997	besold_language_2013	er
2998	hercus_victorian_1986	er
2999	besold_language_2013	er
3000	besold_language_2013	er
3001	round_description_2014	er
3002	round_kayardild_2013	er
3003	round_word_2011	er
3004	cook_sketch_2017	er
3005	osborne_tiwi_1974	er
3006	cook_wagiman_1987	er
3007	rumsey_intra-sentence_1982	er
3008	capell_comparative_1984	er
3009	mcgregor_gunin/kwini_1993	er
3010	carr_wunambal:_2000	er
3011	capell_comparative_1984	er
3012	capell_comparative_1984	er
3013	clendon_worrorra:_2014	er
3014	capell_comparative_1984	er
3015	merlan_grammar_1994	er
3016	merlan_grammar_1994	er
3017	austin_guwamu_1980	er
3018	nash_preliminary_1979	er
3019	blake_dialects_2011	er
3020	verstraete_mbarrumbathama_2018	er